Secretaria de Atenção Primária à Saúde - SAPS/MS ;;;;;;;;;;;;;;;;;;;
Dados sujeitos à alteração ;;;;;;;;;;;;;;;;;;;
---Descrição dos Filtros Utilizados---;;;;;;;;;;;;;;;;;;;
 Competência: SET/2025, AGO/2025;;;;;;;;;;;;;;;;;;;
Estado: SE.;;;;;;;;;;;;;;;;;;;
Município: AMPARO DE SÃO FRANCISCO, AQUIDABÃ, ARACAJU, ARAUÁ, AREIA BRANCA, BARRA DOS COQUEIROS, BOQUIM, BREJO GRANDE, CAMPO DO BRITO, CANHOBA, CANINDÉ DE SÃO FRANCISCO, CAPELA, CARIRA, CARMÓPOLIS, CEDRO DE SÃO JOÃO, CRISTINÁPOLIS, CUMBE, DIVINA PASTORA, ESTÂNCIA, FEIRA NOVA, FREI PAULO, GARARU, GENERAL MAYNARD, GRACHO CARDOSO, ILHA DAS FLORES, INDIAROBA, ITABAIANA, ITABAIANINHA, ITABI, ITAPORANGA D'AJUDA, JAPARATUBA, JAPOATÃ, LAGARTO, LARANJEIRAS, MACAMBIRA, MALHADA DOS BOIS, MALHADOR, MARUIM, MOITA BONITA, MONTE ALEGRE DE SERGIPE, MURIBECA, NEÓPOLIS, NOSSA SENHORA APARECIDA, NOSSA SENHORA DA GLÓRIA, NOSSA SENHORA DAS DORES, NOSSA SENHORA DE LOURDES, NOSSA SENHORA DO SOCORRO, PACATUBA, PEDRA MOLE, PEDRINHAS, PINHÃO, PIRAMBU, POÇO REDONDO, POÇO VERDE, PORTO DA FOLHA, PROPRIÁ, RIACHÃO DO DANTAS, RIACHUELO, RIBEIRÓPOLIS, ROSÁRIO DO CATETE, SALGADO, SANTA LUZIA DO ITANHY, SANTA ROSA DE LIMA, SANTANA DO SÃO FRANCISCO, SANTO AMARO DAS BROTAS, SÃO CRISTÓVÃO, SÃO DOMINGOS, SÃO FRANCISCO, SÃO MIGUEL DO ALEIXO, SIMÃO DIAS, SIRIRI, TELHA, TOBIAS BARRETO, TOMAR DO GERU, UMBAÚBA.;;;;;;;;;;;;;;;;;;;
Práticas em Saúde: Antropometria, Aplicação tópica de flúor, Desenvolvimento da linguagem, Escovação dental supervisionada, Outro procedimento coletivo, Programa nacional de controle do tabagismo sessão 1, Programa nacional de controle do tabagismo sessão 2, Programa nacional de controle do tabagismo sessão 3, Programa nacional de controle do tabagismo sessão 4, Práticas corporais / atividade física, Saúde auditiva, Saúde ocular, Verificação da situação vacinal.;;;;;;;;;;;;;;;;;;;
Programa Saúde na Escola: Educação, Saúde.;;;;;;;;;;;;;;;;;;;
Nível: INEP (Escolas/Creche).;;;;;;;;;;;;;;;;;;;
Tipo Informação: Quantidade de Atividade Coletiva;;;;;;;;;;;;;;;;;;;
;;;;;;;;;;;;;;;;;;;
;;;;;;;;;;;;;;;;;;;
Uf;Ibge;Municipio;Unidade de Saúde - CNES;Tipo Unidade;Desc Unidade;Equipe - INE;Tipo Equipe;Desc Equipe;INEP (Escolas/Creche);Antropometria;Aplicação tópica de flúor;Desenvolvimento da linguagem;Escovação dental supervisionad;Outro procedimento coletivo;Programa nacional de controle ;Práticas corporais / atividade;Saúde auditiva;Saúde ocular;Verificação da situação vacina
SE;280130;CAPELA;2476932;1;POSTO DE SAUDE;1820710;71;ESB - EQUIPE DE SAUDE BUCAL;28014324;0;2;0;2;0;0;0;0;0;0
SE;280030;ARACAJU;9141588;2;CENTRO DE SAUDE/UNIDADE BASICA;2014386;71;ESB - EQUIPE DE SAUDE BUCAL;28018737;0;3;0;4;1;0;0;0;0;0
SE;280030;ARACAJU;3115;2;CENTRO DE SAUDE/UNIDADE BASICA;2014084;71;ESB - EQUIPE DE SAUDE BUCAL;28020260;0;1;0;1;2;0;0;0;0;0
SE;280760;UMBAÚBA;2421402;2;CENTRO DE SAUDE/UNIDADE BASICA;1962159;71;ESB - EQUIPE DE SAUDE BUCAL;28024370;0;3;0;3;0;0;0;0;0;0
SE;280030;ARACAJU;2380;2;CENTRO DE SAUDE/UNIDADE BASICA;2422298;70;ESF - EQUIPE DE SAÚDE DA FAMÍLIA;28075404;0;0;0;0;0;0;0;0;0;1
SE;280030;ARACAJU;2259;2;CENTRO DE SAUDE/UNIDADE BASICA;171794;70;ESF - EQUIPE DE SAÚDE DA FAMÍLIA;28019911;0;0;0;0;0;0;0;0;0;1
SE;280030;ARACAJU;2844;2;CENTRO DE SAUDE/UNIDADE BASICA;172715;70;ESF - EQUIPE DE SAÚDE DA FAMÍLIA;28017382;0;0;0;0;0;0;0;0;0;2
SE;280170;CRISTINÁPOLIS;2421003;2;CENTRO DE SAUDE/UNIDADE BASICA;174157;70;ESF - EQUIPE DE SAÚDE DA FAMÍLIA;28022424;0;0;0;0;0;0;0;0;0;1
SE;280270;ILHA DAS FLORES;2477181;2;CENTRO DE SAUDE/UNIDADE BASICA;174564;70;ESF - EQUIPE DE SAÚDE DA FAMÍLIA;28013220;0;0;0;0;0;0;0;0;0;7
SE;280360;LARANJEIRAS;2421305;2;CENTRO DE SAUDE/UNIDADE BASICA;175579;70;ESF - EQUIPE DE SAÚDE DA FAMÍLIA;28016521;0;0;0;0;0;0;0;0;0;1
SE;280300;ITABAIANINHA;3323161;2;CENTRO DE SAUDE/UNIDADE BASICA;-;-;-;28026926;0;0;0;0;0;0;0;0;0;24
SE;280130;CAPELA;2476959;2;CENTRO DE SAUDE/UNIDADE BASICA;1637711;70;ESF - EQUIPE DE SAÚDE DA FAMÍLIA;28014553;0;0;0;0;0;0;0;0;0;3
SE;280580;RIACHÃO DO DANTAS;3566013;15;UNIDADE MISTA;177636;70;ESF - EQUIPE DE SAÚDE DA FAMÍLIA;28012518;0;1;0;1;0;0;0;0;0;0
SE;280480;NOSSA SENHORA DO SOCORRO;2421623;2;CENTRO DE SAUDE/UNIDADE BASICA;2529580;74;EAPP - EQUIPE DE ATENCAO PRIMARIA PRISIONAL;28031040;0;0;0;1;0;0;0;0;0;0
SE;280160;CEDRO DE SÃO JOÃO;2658607;2;CENTRO DE SAUDE/UNIDADE BASICA;2000490;71;ESB - EQUIPE DE SAUDE BUCAL;28013034;0;0;0;1;0;0;0;0;0;0
SE;280320;ITAPORANGA D'AJUDA;9222502;2;CENTRO DE SAUDE/UNIDADE BASICA;2133091;71;ESB - EQUIPE DE SAUDE BUCAL;28072405;0;2;0;2;0;0;0;0;0;0
SE;280030;ARACAJU;2771;2;CENTRO DE SAUDE/UNIDADE BASICA;172537;70;ESF - EQUIPE DE SAÚDE DA FAMÍLIA;28018575;0;0;0;1;0;0;0;0;0;0
SE;280030;ARACAJU;2429;2;CENTRO DE SAUDE/UNIDADE BASICA;-;-;-;28018818;0;0;0;0;0;0;0;0;0;3
SE;280040;ARAUÁ;2423170;2;CENTRO DE SAUDE/UNIDADE BASICA;1679384;72;ENASFAP - EQ DO NUCLEO AMPLIADO SAUDE DA FAMILIA E AT PRIMA.;28031938;0;0;0;0;0;0;0;0;0;1
SE;280480;NOSSA SENHORA DO SOCORRO;2421623;2;CENTRO DE SAUDE/UNIDADE BASICA;2529580;74;EAPP - EQUIPE DE ATENCAO PRIMARIA PRISIONAL;28036140;0;0;0;0;0;0;0;0;0;1
SE;280210;ESTÂNCIA;6200346;2;CENTRO DE SAUDE/UNIDADE BASICA;174343;70;ESF - EQUIPE DE SAÚDE DA FAMÍLIA;28024940;1;0;0;0;0;0;0;1;1;1
SE;280480;NOSSA SENHORA DO SOCORRO;2421623;2;CENTRO DE SAUDE/UNIDADE BASICA;2529580;74;EAPP - EQUIPE DE ATENCAO PRIMARIA PRISIONAL;28020677;0;0;0;1;0;0;0;0;0;0
SE;280600;RIBEIRÓPOLIS;2421240;1;POSTO DE SAUDE;1773712;71;ESB - EQUIPE DE SAUDE BUCAL;28033159;0;1;0;1;0;0;0;0;0;0
SE;280067;BOQUIM;4784618;2;CENTRO DE SAUDE/UNIDADE BASICA;2477807;70;ESF - EQUIPE DE SAÚDE DA FAMÍLIA;28022190;1;0;0;0;0;0;0;0;0;0
SE;280067;BOQUIM;6407641;2;CENTRO DE SAUDE/UNIDADE BASICA;1907654;71;ESB - EQUIPE DE SAUDE BUCAL;28032373;0;0;0;2;0;0;0;0;0;0
SE;280120;CANINDÉ DE SÃO FRANCISCO;2477084;2;CENTRO DE SAUDE/UNIDADE BASICA;2105330;71;ESB - EQUIPE DE SAUDE BUCAL;28000293;0;0;0;0;2;0;0;0;0;0
SE;280150;CARMÓPOLIS;7833555;2;CENTRO DE SAUDE/UNIDADE BASICA;2188074;71;ESB - EQUIPE DE SAUDE BUCAL;28048407;0;1;0;1;0;0;0;0;0;0
SE;280410;MOITA BONITA;2477254;2;CENTRO DE SAUDE/UNIDADE BASICA;1838520;71;ESB - EQUIPE DE SAUDE BUCAL;28008278;0;1;0;1;0;0;0;0;0;0
SE;280030;ARACAJU;2798;2;CENTRO DE SAUDE/UNIDADE BASICA;2116871;71;ESB - EQUIPE DE SAUDE BUCAL;28018575;0;0;0;1;0;0;0;0;0;0
SE;280570;PROPRIÁ;2422581;2;CENTRO DE SAUDE/UNIDADE BASICA;1977776;71;ESB - EQUIPE DE SAUDE BUCAL;28013913;0;0;0;1;1;0;0;0;0;0
SE;280670;SÃO CRISTÓVÃO;3519740;2;CENTRO DE SAUDE/UNIDADE BASICA;1803344;71;ESB - EQUIPE DE SAUDE BUCAL;28021452;0;1;0;1;1;0;0;0;0;0
SE;280170;CRISTINÁPOLIS;2420988;1;POSTO DE SAUDE;174114;70;ESF - EQUIPE DE SAÚDE DA FAMÍLIA;28022459;0;0;0;0;0;0;0;0;0;1
SE;280030;ARACAJU;2550;2;CENTRO DE SAUDE/UNIDADE BASICA;172324;70;ESF - EQUIPE DE SAÚDE DA FAMÍLIA;28032403;0;0;0;0;0;0;0;0;0;1
SE;280170;CRISTINÁPOLIS;2421003;2;CENTRO DE SAUDE/UNIDADE BASICA;174130;70;ESF - EQUIPE DE SAÚDE DA FAMÍLIA;28022416;0;0;0;0;0;0;0;0;0;1
SE;280530;PIRAMBU;2477165;1;POSTO DE SAUDE;1542265;72;ENASFAP - EQ DO NUCLEO AMPLIADO SAUDE DA FAMILIA E AT PRIMA.;28030737;0;2;0;2;4;0;2;0;2;2
SE;280480;NOSSA SENHORA DO SOCORRO;2421623;2;CENTRO DE SAUDE/UNIDADE BASICA;2529580;74;EAPP - EQUIPE DE ATENCAO PRIMARIA PRISIONAL;28036786;0;0;0;0;0;0;0;0;0;1
SE;280030;ARACAJU;3115;2;CENTRO DE SAUDE/UNIDADE BASICA;2014068;71;ESB - EQUIPE DE SAUDE BUCAL;28018842;0;0;0;2;0;0;0;0;0;0
SE;280710;SIMÃO DIAS;2422263;2;CENTRO DE SAUDE/UNIDADE BASICA;1991884;71;ESB - EQUIPE DE SAUDE BUCAL;28009460;0;0;0;0;10;0;0;0;0;0
SE;280020;AQUIDABÃ;2422654;2;CENTRO DE SAUDE/UNIDADE BASICA;171700;70;ESF - EQUIPE DE SAÚDE DA FAMÍLIA;28005163;0;0;0;0;0;0;0;2;2;2
SE;280030;ARACAJU;3492;2;CENTRO DE SAUDE/UNIDADE BASICA;172936;70;ESF - EQUIPE DE SAÚDE DA FAMÍLIA;28019164;0;0;0;0;0;0;0;0;0;2
SE;280300;ITABAIANINHA;3000346;2;CENTRO DE SAUDE/UNIDADE BASICA;174912;70;ESF - EQUIPE DE SAÚDE DA FAMÍLIA;28023013;0;0;0;0;0;0;0;0;0;9
SE;280710;SIMÃO DIAS;2422433;2;CENTRO DE SAUDE/UNIDADE BASICA;178462;70;ESF - EQUIPE DE SAÚDE DA FAMÍLIA;28009746;0;0;0;0;0;0;8;0;0;0
SE;280480;NOSSA SENHORA DO SOCORRO;6880665;74;POLO ACADEMIA DA SAUDE;-;-;-;28060407;0;0;0;0;0;0;23;0;0;0
SE;280480;NOSSA SENHORA DO SOCORRO;3496171;2;CENTRO DE SAUDE/UNIDADE BASICA;-;-;-;28060407;0;0;0;0;0;0;23;0;0;0
SE;280670;SÃO CRISTÓVÃO;2423219;2;CENTRO DE SAUDE/UNIDADE BASICA;1799711;71;ESB - EQUIPE DE SAUDE BUCAL;28028597;0;2;0;1;0;0;0;0;0;0
SE;280020;AQUIDABÃ;2422670;2;CENTRO DE SAUDE/UNIDADE BASICA;1495232;70;ESF - EQUIPE DE SAÚDE DA FAMÍLIA;28005180;0;0;0;0;1;0;0;0;0;1
SE;280270;ILHA DAS FLORES;2612291;2;CENTRO DE SAUDE/UNIDADE BASICA;174599;70;ESF - EQUIPE DE SAÚDE DA FAMÍLIA;28013115;0;0;0;0;0;0;0;0;0;9
SE;280067;BOQUIM;6407641;2;CENTRO DE SAUDE/UNIDADE BASICA;-;-;-;28022254;0;0;0;1;0;0;0;0;0;0
SE;280480;NOSSA SENHORA DO SOCORRO;2421623;2;CENTRO DE SAUDE/UNIDADE BASICA;2529580;74;EAPP - EQUIPE DE ATENCAO PRIMARIA PRISIONAL;28036778;0;0;0;0;0;0;0;0;0;2
SE;280540;POÇO REDONDO;2420090;2;CENTRO DE SAUDE/UNIDADE BASICA;1956760;71;ESB - EQUIPE DE SAUDE BUCAL;28002393;0;2;0;2;0;0;0;0;0;0
SE;280460;NOSSA SENHORA DAS DORES;9330453;1;POSTO DE SAUDE;1556177;70;ESF - EQUIPE DE SAÚDE DA FAMÍLIA;28006186;2;0;0;0;0;0;0;0;0;1
SE;280320;ITAPORANGA D'AJUDA;5393078;2;CENTRO DE SAUDE/UNIDADE BASICA;175129;70;ESF - EQUIPE DE SAÚDE DA FAMÍLIA;28025709;1;0;0;0;0;0;0;0;0;0
SE;280450;NOSSA SENHORA DA GLÓRIA;2421046;2;CENTRO DE SAUDE/UNIDADE BASICA;176052;70;ESF - EQUIPE DE SAÚDE DA FAMÍLIA;28001737;0;0;0;0;0;0;0;3;3;0
SE;280067;BOQUIM;6407641;2;CENTRO DE SAUDE/UNIDADE BASICA;-;-;-;28022041;0;0;0;2;0;0;0;0;0;1
SE;280320;ITAPORANGA D'AJUDA;2422816;2;CENTRO DE SAUDE/UNIDADE BASICA;-;-;-;28029879;0;0;0;0;0;0;0;0;0;1
SE;280600;RIBEIRÓPOLIS;2421240;1;POSTO DE SAUDE;1773712;71;ESB - EQUIPE DE SAUDE BUCAL;28032977;0;0;0;1;0;0;0;0;0;0
SE;280030;ARACAJU;3425;2;CENTRO DE SAUDE/UNIDADE BASICA;2116561;71;ESB - EQUIPE DE SAUDE BUCAL;28018303;0;0;0;0;2;0;0;0;0;0
SE;280230;FREI PAULO;2423618;2;CENTRO DE SAUDE/UNIDADE BASICA;1766325;71;ESB - EQUIPE DE SAUDE BUCAL;28029801;0;0;0;0;1;0;0;0;0;0
SE;280030;ARACAJU;2763;2;CENTRO DE SAUDE/UNIDADE BASICA;172499;70;ESF - EQUIPE DE SAÚDE DA FAMÍLIA;28019490;0;0;0;0;0;0;0;0;0;2
SE;280120;CANINDÉ DE SÃO FRANCISCO;5255236;2;CENTRO DE SAUDE/UNIDADE BASICA;173800;70;ESF - EQUIPE DE SAÚDE DA FAMÍLIA;28040406;3;0;0;0;0;0;0;0;0;0
SE;280100;CAMPO DO BRITO;4020731;2;CENTRO DE SAUDE/UNIDADE BASICA;2379309;71;ESB - EQUIPE DE SAUDE BUCAL;28027108;0;1;0;1;0;0;0;0;0;0
SE;280360;LARANJEIRAS;2421313;2;CENTRO DE SAUDE/UNIDADE BASICA;1839144;71;ESB - EQUIPE DE SAUDE BUCAL;28016467;0;2;0;0;0;0;0;0;0;0
SE;280570;PROPRIÁ;2422565;2;CENTRO DE SAUDE/UNIDADE BASICA;1977482;71;ESB - EQUIPE DE SAUDE BUCAL;28013778;0;1;0;2;0;0;0;0;0;0
SE;280320;ITAPORANGA D'AJUDA;9222502;2;CENTRO DE SAUDE/UNIDADE BASICA;2259060;70;ESF - EQUIPE DE SAÚDE DA FAMÍLIA;28072405;2;1;0;1;0;0;0;0;0;0
SE;280740;TOBIAS BARRETO;3605787;2;CENTRO DE SAUDE/UNIDADE BASICA;1518666;70;ESF - EQUIPE DE SAÚDE DA FAMÍLIA;28010388;0;0;0;0;0;0;1;0;0;0
SE;280067;BOQUIM;6407641;2;CENTRO DE SAUDE/UNIDADE BASICA;-;-;-;28070402;0;0;0;0;0;0;0;0;0;1
SE;280170;CRISTINÁPOLIS;2420953;1;POSTO DE SAUDE;1821075;71;ESB - EQUIPE DE SAUDE BUCAL;28022548;0;1;0;1;0;0;0;0;0;0
SE;280120;CANINDÉ DE SÃO FRANCISCO;5341264;2;CENTRO DE SAUDE/UNIDADE BASICA;2248204;71;ESB - EQUIPE DE SAUDE BUCAL;28000110;0;1;0;0;0;0;0;0;0;0
SE;280020;AQUIDABÃ;2422689;2;CENTRO DE SAUDE/UNIDADE BASICA;171735;70;ESF - EQUIPE DE SAÚDE DA FAMÍLIA;28036379;0;0;0;0;0;0;0;0;0;1
SE;280270;ILHA DAS FLORES;2502895;2;CENTRO DE SAUDE/UNIDADE BASICA;174580;70;ESF - EQUIPE DE SAÚDE DA FAMÍLIA;28013123;0;0;0;0;0;0;0;0;0;1
SE;280400;MARUIM;2546329;2;CENTRO DE SAUDE/UNIDADE BASICA;175757;70;ESF - EQUIPE DE SAÚDE DA FAMÍLIA;28016661;1;0;0;0;0;0;0;0;0;0
SE;280710;SIMÃO DIAS;2422433;2;CENTRO DE SAUDE/UNIDADE BASICA;178462;70;ESF - EQUIPE DE SAÚDE DA FAMÍLIA;28009843;0;0;0;0;0;0;0;0;0;1
SE;280030;ARACAJU;2399;2;CENTRO DE SAUDE/UNIDADE BASICA;2116790;71;ESB - EQUIPE DE SAUDE BUCAL;28018893;0;0;0;1;0;0;0;0;0;0
SE;280710;SIMÃO DIAS;9250522;2;CENTRO DE SAUDE/UNIDADE BASICA;2279754;70;ESF - EQUIPE DE SAÚDE DA FAMÍLIA;28009860;0;1;0;0;0;0;0;0;0;0
SE;280480;NOSSA SENHORA DO SOCORRO;2421623;2;CENTRO DE SAUDE/UNIDADE BASICA;2529580;74;EAPP - EQUIPE DE ATENCAO PRIMARIA PRISIONAL;28033060;0;0;0;0;0;0;0;0;0;1
SE;280420;MONTE ALEGRE DE SERGIPE;2420295;2;CENTRO DE SAUDE/UNIDADE BASICA;175870;70;ESF - EQUIPE DE SAÚDE DA FAMÍLIA;28001389;0;0;0;0;0;0;1;0;0;0
SE;280580;RIACHÃO DO DANTAS;7166796;2;CENTRO DE SAUDE/UNIDADE BASICA;177644;70;ESF - EQUIPE DE SAÚDE DA FAMÍLIA;28012615;0;2;0;2;0;0;0;0;0;0
SE;280020;AQUIDABÃ;2422670;2;CENTRO DE SAUDE/UNIDADE BASICA;2212617;46;EMAD_T2 - EQUIPE MULTIDISCIPLINAR ATENCAO DOMICILIAR TIPO 2;28005210;0;0;0;1;0;0;0;0;0;0
SE;280270;ILHA DAS FLORES;2477181;2;CENTRO DE SAUDE/UNIDADE BASICA;1838601;71;ESB - EQUIPE DE SAUDE BUCAL;28013107;0;11;0;11;0;0;0;0;0;0
SE;280320;ITAPORANGA D'AJUDA;2422824;2;CENTRO DE SAUDE/UNIDADE BASICA;1792520;71;ESB - EQUIPE DE SAUDE BUCAL;28025660;0;2;0;2;0;0;0;0;0;0
SE;280760;UMBAÚBA;9865845;2;CENTRO DE SAUDE/UNIDADE BASICA;1962019;71;ESB - EQUIPE DE SAUDE BUCAL;28033965;0;1;0;1;0;0;0;0;0;0
SE;280020;AQUIDABÃ;2422646;2;CENTRO DE SAUDE/UNIDADE BASICA;171697;70;ESF - EQUIPE DE SAÚDE DA FAMÍLIA;28005457;0;0;0;0;0;0;0;0;0;1
SE;280030;ARACAJU;2836;2;CENTRO DE SAUDE/UNIDADE BASICA;172650;70;ESF - EQUIPE DE SAÚDE DA FAMÍLIA;28019377;3;0;0;0;0;0;0;0;0;0
SE;280030;ARACAJU;9141588;2;CENTRO DE SAUDE/UNIDADE BASICA;172596;70;ESF - EQUIPE DE SAÚDE DA FAMÍLIA;28019350;0;0;0;0;0;0;0;0;0;10
SE;280030;ARACAJU;2771;2;CENTRO DE SAUDE/UNIDADE BASICA;172529;70;ESF - EQUIPE DE SAÚDE DA FAMÍLIA;28019040;0;0;0;0;0;0;0;0;0;2
SE;280320;ITAPORANGA D'AJUDA;6119492;2;CENTRO DE SAUDE/UNIDADE BASICA;1534238;70;ESF - EQUIPE DE SAÚDE DA FAMÍLIA;28025679;0;0;0;1;0;0;0;0;0;1
SE;280350;LAGARTO;2420759;2;CENTRO DE SAUDE/UNIDADE BASICA;1547771;70;ESF - EQUIPE DE SAÚDE DA FAMÍLIA;28011805;2;0;0;0;0;0;1;0;0;0
SE;280170;CRISTINÁPOLIS;2420988;1;POSTO DE SAUDE;2431580;76;EAP - EQUIPE DE ATENÇÃO PRIMÁRIA;28031768;0;1;0;1;0;0;0;0;0;2
SE;280067;BOQUIM;6407641;2;CENTRO DE SAUDE/UNIDADE BASICA;-;-;-;28022173;0;0;0;1;0;0;0;0;0;0
SE;280030;ARACAJU;2600366;2;CENTRO DE SAUDE/UNIDADE BASICA;1480065;72;ENASFAP - EQ DO NUCLEO AMPLIADO SAUDE DA FAMILIA E AT PRIMA.;28019067;1;0;0;0;0;0;0;0;0;0
SE;280480;NOSSA SENHORA DO SOCORRO;2421623;2;CENTRO DE SAUDE/UNIDADE BASICA;2529580;74;EAPP - EQUIPE DE ATENCAO PRIMARIA PRISIONAL;28031903;0;0;0;1;0;0;2;0;0;0
SE;280480;NOSSA SENHORA DO SOCORRO;2421623;2;CENTRO DE SAUDE/UNIDADE BASICA;2529580;74;EAPP - EQUIPE DE ATENCAO PRIMARIA PRISIONAL;28020928;0;0;2;0;0;0;0;0;0;0
SE;280210;ESTÂNCIA;9998233;2;CENTRO DE SAUDE/UNIDADE BASICA;1739425;71;ESB - EQUIPE DE SAUDE BUCAL;28024834;0;0;0;4;0;0;0;0;0;0
SE;280320;ITAPORANGA D'AJUDA;6119492;2;CENTRO DE SAUDE/UNIDADE BASICA;2278006;71;ESB - EQUIPE DE SAUDE BUCAL;28025679;0;1;0;1;0;0;0;0;0;0
SE;280570;PROPRIÁ;2422530;2;CENTRO DE SAUDE/UNIDADE BASICA;1985949;71;ESB - EQUIPE DE SAUDE BUCAL;28013751;0;0;0;0;0;0;0;0;0;2
SE;280020;AQUIDABÃ;2422654;2;CENTRO DE SAUDE/UNIDADE BASICA;1495178;70;ESF - EQUIPE DE SAÚDE DA FAMÍLIA;28005210;0;0;0;0;1;0;0;0;0;1
SE;280290;ITABAIANA;2611899;2;CENTRO DE SAUDE/UNIDADE BASICA;2467747;70;ESF - EQUIPE DE SAÚDE DA FAMÍLIA;28034546;1;0;0;0;0;0;0;0;0;0
SE;280150;CARMÓPOLIS;7859082;2;CENTRO DE SAUDE/UNIDADE BASICA;1741225;71;ESB - EQUIPE DE SAUDE BUCAL;28016203;0;4;0;4;0;0;0;0;0;0
SE;280270;ILHA DAS FLORES;2477181;2;CENTRO DE SAUDE/UNIDADE BASICA;1839845;71;ESB - EQUIPE DE SAUDE BUCAL;28013174;0;3;0;3;0;0;0;0;0;0
SE;280460;NOSSA SENHORA DAS DORES;6024335;2;CENTRO DE SAUDE/UNIDADE BASICA;1854364;71;ESB - EQUIPE DE SAUDE BUCAL;28005996;0;1;0;1;0;0;0;0;0;0
SE;280130;CAPELA;9927425;1;POSTO DE SAUDE;2315076;76;EAP - EQUIPE DE ATENÇÃO PRIMÁRIA;28014405;0;0;0;0;0;0;0;0;0;1
SE;280030;ARACAJU;3210634;2;CENTRO DE SAUDE/UNIDADE BASICA;173193;70;ESF - EQUIPE DE SAÚDE DA FAMÍLIA;28018923;0;0;0;0;0;0;0;0;0;1
SE;280030;ARACAJU;3492;2;CENTRO DE SAUDE/UNIDADE BASICA;172898;70;ESF - EQUIPE DE SAÚDE DA FAMÍLIA;28031660;1;0;0;0;0;0;0;0;0;0
SE;280320;ITAPORANGA D'AJUDA;6119492;2;CENTRO DE SAUDE/UNIDADE BASICA;1534238;70;ESF - EQUIPE DE SAÚDE DA FAMÍLIA;28025466;0;0;0;0;0;0;0;0;0;1
SE;280510;PEDRINHAS;2423375;2;CENTRO DE SAUDE/UNIDADE BASICA;177113;70;ESF - EQUIPE DE SAÚDE DA FAMÍLIA;28023226;0;5;0;5;0;0;5;0;0;5
SE;280710;SIMÃO DIAS;2422433;2;CENTRO DE SAUDE/UNIDADE BASICA;178462;70;ESF - EQUIPE DE SAÚDE DA FAMÍLIA;28009452;0;0;0;0;0;0;0;1;0;0
SE;280030;ARACAJU;25682;2;CENTRO DE SAUDE/UNIDADE BASICA;2251574;76;EAP - EQUIPE DE ATENÇÃO PRIMÁRIA;28019180;6;0;0;0;0;0;0;0;0;1
SE;280130;CAPELA;2476959;2;CENTRO DE SAUDE/UNIDADE BASICA;1818023;71;ESB - EQUIPE DE SAUDE BUCAL;28014170;0;0;0;1;0;0;0;0;0;0
SE;280020;AQUIDABÃ;4660854;2;CENTRO DE SAUDE/UNIDADE BASICA;2242443;70;ESF - EQUIPE DE SAÚDE DA FAMÍLIA;28005384;0;0;0;0;1;0;0;0;0;2
SE;280270;ILHA DAS FLORES;2477181;2;CENTRO DE SAUDE/UNIDADE BASICA;174564;70;ESF - EQUIPE DE SAÚDE DA FAMÍLIA;28013107;0;0;0;0;0;0;0;0;0;1
SE;280620;SALGADO;7513852;2;CENTRO DE SAUDE/UNIDADE BASICA;177849;70;ESF - EQUIPE DE SAÚDE DA FAMÍLIA;28023285;0;0;0;0;0;0;0;0;0;1
SE;280050;AREIA BRANCA;2477009;1;POSTO DE SAUDE;2510154;71;ESB - EQUIPE DE SAUDE BUCAL;28006658;0;2;0;2;0;0;0;0;0;0
SE;280570;PROPRIÁ;2422581;2;CENTRO DE SAUDE/UNIDADE BASICA;1977768;71;ESB - EQUIPE DE SAUDE BUCAL;28013875;0;0;0;1;1;0;0;0;0;0
SE;280030;ARACAJU;25682;2;CENTRO DE SAUDE/UNIDADE BASICA;173037;70;ESF - EQUIPE DE SAÚDE DA FAMÍLIA;28019270;1;0;0;0;0;0;0;0;0;1
SE;280030;ARACAJU;2259;2;CENTRO DE SAUDE/UNIDADE BASICA;171794;70;ESF - EQUIPE DE SAÚDE DA FAMÍLIA;28017447;1;0;0;0;0;0;0;0;0;0
SE;280440;NEÓPOLIS;5147948;2;CENTRO DE SAUDE/UNIDADE BASICA;1546147;70;ESF - EQUIPE DE SAÚDE DA FAMÍLIA;28013409;1;0;0;0;0;0;0;0;0;0
SE;280740;TOBIAS BARRETO;3541444;2;CENTRO DE SAUDE/UNIDADE BASICA;178632;70;ESF - EQUIPE DE SAÚDE DA FAMÍLIA;28010450;0;0;0;0;0;0;0;0;1;1
SE;280120;CANINDÉ DE SÃO FRANCISCO;2477106;2;CENTRO DE SAUDE/UNIDADE BASICA;-;-;-;28029968;0;0;0;0;0;0;0;0;0;1
SE;280510;PEDRINHAS;2423383;2;CENTRO DE SAUDE/UNIDADE BASICA;1617990;72;ENASFAP - EQ DO NUCLEO AMPLIADO SAUDE DA FAMILIA E AT PRIMA.;28023153;0;0;1;0;0;0;0;0;0;0
SE;280420;MONTE ALEGRE DE SERGIPE;3059170;2;CENTRO DE SAUDE/UNIDADE BASICA;1751085;71;ESB - EQUIPE DE SAUDE BUCAL;28001443;0;0;0;1;0;0;0;0;0;0
SE;280130;CAPELA;2679957;1;POSTO DE SAUDE;173932;70;ESF - EQUIPE DE SAÚDE DA FAMÍLIA;28014413;1;0;0;0;1;0;0;0;0;1
SE;280130;CAPELA;2476916;1;POSTO DE SAUDE;173843;70;ESF - EQUIPE DE SAÚDE DA FAMÍLIA;28014391;0;0;0;0;0;0;1;0;0;1
SE;280030;ARACAJU;2399;2;CENTRO DE SAUDE/UNIDADE BASICA;172030;70;ESF - EQUIPE DE SAÚDE DA FAMÍLIA;28018320;1;0;0;0;1;0;0;0;0;0
SE;280030;ARACAJU;2600366;2;CENTRO DE SAUDE/UNIDADE BASICA;173126;70;ESF - EQUIPE DE SAÚDE DA FAMÍLIA;28018915;0;0;0;0;0;0;0;0;0;1
SE;280330;JAPARATUBA;2477459;2;CENTRO DE SAUDE/UNIDADE BASICA;175188;70;ESF - EQUIPE DE SAÚDE DA FAMÍLIA;28015266;0;0;0;0;0;0;0;0;0;1
SE;280630;SANTA LUZIA DO ITANHY;2423405;2;CENTRO DE SAUDE/UNIDADE BASICA;177903;70;ESF - EQUIPE DE SAÚDE DA FAMÍLIA;28026152;0;0;0;0;0;0;1;0;0;0
SE;280320;ITAPORANGA D'AJUDA;2422816;2;CENTRO DE SAUDE/UNIDADE BASICA;1792121;71;ESB - EQUIPE DE SAUDE BUCAL;28025733;0;1;0;1;1;0;0;0;0;0
SE;280445;NOSSA SENHORA APARECIDA;3012255;2;CENTRO DE SAUDE/UNIDADE BASICA;1926683;71;ESB - EQUIPE DE SAUDE BUCAL;28004450;0;1;0;1;0;0;0;0;0;0
SE;280130;CAPELA;2476975;1;POSTO DE SAUDE;173924;70;ESF - EQUIPE DE SAÚDE DA FAMÍLIA;28014626;0;0;0;0;0;0;0;0;0;1
SE;280030;ARACAJU;3115;2;CENTRO DE SAUDE/UNIDADE BASICA;2041960;71;ESB - EQUIPE DE SAUDE BUCAL;28018850;0;1;0;1;3;0;0;0;0;0
SE;280480;NOSSA SENHORA DO SOCORRO;2421666;2;CENTRO DE SAUDE/UNIDADE BASICA;1968718;71;ESB - EQUIPE DE SAUDE BUCAL;28027760;0;0;0;2;0;0;0;0;0;0
SE;280170;CRISTINÁPOLIS;2421003;2;CENTRO DE SAUDE/UNIDADE BASICA;174130;70;ESF - EQUIPE DE SAÚDE DA FAMÍLIA;28022505;0;0;0;0;0;0;0;0;0;1
SE;280230;FREI PAULO;2423618;2;CENTRO DE SAUDE/UNIDADE BASICA;174440;70;ESF - EQUIPE DE SAÚDE DA FAMÍLIA;28029801;3;0;0;0;0;0;0;0;0;2
SE;280440;NEÓPOLIS;2477920;2;CENTRO DE SAUDE/UNIDADE BASICA;175935;70;ESF - EQUIPE DE SAÚDE DA FAMÍLIA;28013450;0;0;0;0;0;0;0;2;2;0
SE;280450;NOSSA SENHORA DA GLÓRIA;2421119;2;CENTRO DE SAUDE/UNIDADE BASICA;176168;70;ESF - EQUIPE DE SAÚDE DA FAMÍLIA;28001826;0;0;0;0;3;0;0;6;0;0
SE;280710;SIMÃO DIAS;2422263;2;CENTRO DE SAUDE/UNIDADE BASICA;1572679;70;ESF - EQUIPE DE SAÚDE DA FAMÍLIA;28009290;0;0;0;0;0;0;1;0;1;0
SE;280740;TOBIAS BARRETO;7685467;2;CENTRO DE SAUDE/UNIDADE BASICA;1571052;70;ESF - EQUIPE DE SAÚDE DA FAMÍLIA;28027086;0;0;0;0;0;0;0;0;2;1
SE;280030;ARACAJU;9141588;2;CENTRO DE SAUDE/UNIDADE BASICA;-;-;-;28019490;2;0;0;0;0;0;1;0;0;0
SE;280130;CAPELA;2476908;1;POSTO DE SAUDE;1822411;71;ESB - EQUIPE DE SAUDE BUCAL;28014162;0;0;0;1;0;0;0;0;0;0
SE;280560;PORTO DA FOLHA;2422085;2;CENTRO DE SAUDE/UNIDADE BASICA;2022656;71;ESB - EQUIPE DE SAUDE BUCAL;28003330;0;1;0;1;0;0;0;0;0;0
SE;280710;SIMÃO DIAS;2422468;2;CENTRO DE SAUDE/UNIDADE BASICA;1991159;71;ESB - EQUIPE DE SAUDE BUCAL;28009738;0;3;0;1;0;0;0;0;0;0
SE;280270;ILHA DAS FLORES;2477181;2;CENTRO DE SAUDE/UNIDADE BASICA;174572;70;ESF - EQUIPE DE SAÚDE DA FAMÍLIA;28013174;0;0;0;0;0;0;0;0;0;6
SE;280450;NOSSA SENHORA DA GLÓRIA;2421089;2;CENTRO DE SAUDE/UNIDADE BASICA;176117;70;ESF - EQUIPE DE SAÚDE DA FAMÍLIA;28033248;1;0;0;0;0;0;0;0;0;1
SE;280100;CAMPO DO BRITO;4020685;2;CENTRO DE SAUDE/UNIDADE BASICA;1981382;71;ESB - EQUIPE DE SAUDE BUCAL;28006852;0;1;0;1;0;0;0;0;0;0
SE;280100;CAMPO DO BRITO;4020715;2;CENTRO DE SAUDE/UNIDADE BASICA;1981412;71;ESB - EQUIPE DE SAUDE BUCAL;28006810;0;1;0;1;0;0;0;0;0;0
SE;280120;CANINDÉ DE SÃO FRANCISCO;2477084;2;CENTRO DE SAUDE/UNIDADE BASICA;2105330;71;ESB - EQUIPE DE SAUDE BUCAL;28035240;0;0;0;1;0;0;0;0;0;0
SE;280290;ITABAIANA;428159;2;CENTRO DE SAUDE/UNIDADE BASICA;2129191;71;ESB - EQUIPE DE SAUDE BUCAL;28031547;0;2;0;1;0;0;0;0;0;0
SE;280020;AQUIDABÃ;2422689;2;CENTRO DE SAUDE/UNIDADE BASICA;2226812;70;ESF - EQUIPE DE SAÚDE DA FAMÍLIA;28086406;0;0;0;0;1;0;1;0;0;1
SE;280020;AQUIDABÃ;2422654;2;CENTRO DE SAUDE/UNIDADE BASICA;171700;70;ESF - EQUIPE DE SAÚDE DA FAMÍLIA;28005201;0;0;0;0;0;0;0;0;0;1
SE;280030;ARACAJU;2216;2;CENTRO DE SAUDE/UNIDADE BASICA;171751;70;ESF - EQUIPE DE SAÚDE DA FAMÍLIA;28037510;0;0;0;0;0;0;0;0;2;0
SE;280210;ESTÂNCIA;2477866;2;CENTRO DE SAUDE/UNIDADE BASICA;174289;70;ESF - EQUIPE DE SAÚDE DA FAMÍLIA;28032047;0;0;0;0;0;0;0;0;0;1
SE;280740;TOBIAS BARRETO;2422069;2;CENTRO DE SAUDE/UNIDADE BASICA;1518682;70;ESF - EQUIPE DE SAÚDE DA FAMÍLIA;28031725;0;0;0;0;4;0;0;0;0;0
SE;280420;MONTE ALEGRE DE SERGIPE;4585666;74;POLO ACADEMIA DA SAUDE;-;-;-;28002130;0;0;0;0;0;0;1;0;0;0
SE;280480;NOSSA SENHORA DO SOCORRO;2421623;2;CENTRO DE SAUDE/UNIDADE BASICA;2529580;74;EAPP - EQUIPE DE ATENCAO PRIMARIA PRISIONAL;28020570;0;0;0;0;0;0;0;0;0;2
SE;280160;CEDRO DE SÃO JOÃO;2658593;2;CENTRO DE SAUDE/UNIDADE BASICA;2000423;71;ESB - EQUIPE DE SAUDE BUCAL;28013000;0;1;0;0;0;0;0;0;0;0
SE;280670;SÃO CRISTÓVÃO;2423200;2;CENTRO DE SAUDE/UNIDADE BASICA;1794205;71;ESB - EQUIPE DE SAUDE BUCAL;28021231;0;1;0;1;0;0;0;0;0;0
SE;280030;ARACAJU;3425;2;CENTRO DE SAUDE/UNIDADE BASICA;1480952;70;ESF - EQUIPE DE SAÚDE DA FAMÍLIA;28018303;0;0;0;0;1;0;0;0;0;0
SE;280030;ARACAJU;2461;2;CENTRO DE SAUDE/UNIDADE BASICA;172219;70;ESF - EQUIPE DE SAÚDE DA FAMÍLIA;28018460;0;0;0;0;0;0;0;0;0;1
SE;280320;ITAPORANGA D'AJUDA;6640044;2;CENTRO DE SAUDE/UNIDADE BASICA;2259036;70;ESF - EQUIPE DE SAÚDE DA FAMÍLIA;28030222;0;0;0;0;0;0;0;0;0;1
SE;280460;NOSSA SENHORA DAS DORES;2476878;2;CENTRO DE SAUDE/UNIDADE BASICA;1854372;71;ESB - EQUIPE DE SAUDE BUCAL;28006160;0;2;0;2;2;0;0;0;0;0
SE;280170;CRISTINÁPOLIS;2421003;2;CENTRO DE SAUDE/UNIDADE BASICA;174130;70;ESF - EQUIPE DE SAÚDE DA FAMÍLIA;28022467;0;0;0;0;0;0;0;0;0;1
SE;280270;ILHA DAS FLORES;2477181;2;CENTRO DE SAUDE/UNIDADE BASICA;174572;70;ESF - EQUIPE DE SAÚDE DA FAMÍLIA;28013212;0;0;0;0;0;0;0;0;0;5
SE;280300;ITABAIANINHA;3000346;2;CENTRO DE SAUDE/UNIDADE BASICA;174912;70;ESF - EQUIPE DE SAÚDE DA FAMÍLIA;28022777;0;0;0;0;0;0;0;0;0;1
SE;280510;PEDRINHAS;2423375;2;CENTRO DE SAUDE/UNIDADE BASICA;177113;70;ESF - EQUIPE DE SAÚDE DA FAMÍLIA;28023250;0;2;0;2;0;0;2;0;0;2
SE;280030;ARACAJU;2399;2;CENTRO DE SAUDE/UNIDADE BASICA;172022;70;ESF - EQUIPE DE SAÚDE DA FAMÍLIA;28018320;1;0;0;0;0;0;0;0;0;0
SE;280030;ARACAJU;2798;2;CENTRO DE SAUDE/UNIDADE BASICA;172553;70;ESF - EQUIPE DE SAÚDE DA FAMÍLIA;28017196;1;0;0;0;0;0;0;0;0;0
SE;280280;INDIAROBA;2477963;2;CENTRO DE SAUDE/UNIDADE BASICA;174637;70;ESF - EQUIPE DE SAÚDE DA FAMÍLIA;28027116;1;0;0;0;0;0;0;0;0;0
SE;280320;ITAPORANGA D'AJUDA;2422824;2;CENTRO DE SAUDE/UNIDADE BASICA;175072;70;ESF - EQUIPE DE SAÚDE DA FAMÍLIA;28025660;0;0;0;0;0;0;0;0;0;1
SE;280320;ITAPORANGA D'AJUDA;2422859;2;CENTRO DE SAUDE/UNIDADE BASICA;175102;70;ESF - EQUIPE DE SAÚDE DA FAMÍLIA;28025792;0;0;0;1;0;0;0;0;0;1
SE;280350;LAGARTO;2420767;2;CENTRO DE SAUDE/UNIDADE BASICA;2317060;71;ESB - EQUIPE DE SAUDE BUCAL;28012100;0;2;0;2;0;0;0;0;0;0
SE;280440;NEÓPOLIS;2680092;2;CENTRO DE SAUDE/UNIDADE BASICA;1778943;71;ESB - EQUIPE DE SAUDE BUCAL;28013239;0;1;0;2;0;0;0;0;0;0
SE;280570;PROPRIÁ;2422530;2;CENTRO DE SAUDE/UNIDADE BASICA;1985949;71;ESB - EQUIPE DE SAUDE BUCAL;28013786;0;1;0;1;0;0;1;0;0;0
SE;280630;SANTA LUZIA DO ITANHY;2545837;2;CENTRO DE SAUDE/UNIDADE BASICA;1882384;71;ESB - EQUIPE DE SAUDE BUCAL;28026039;0;0;0;1;0;0;0;0;0;0
SE;280020;AQUIDABÃ;2422646;2;CENTRO DE SAUDE/UNIDADE BASICA;171697;70;ESF - EQUIPE DE SAÚDE DA FAMÍLIA;28005368;0;0;0;0;0;0;0;0;0;1
SE;280030;ARACAJU;2429;2;CENTRO DE SAUDE/UNIDADE BASICA;172138;70;ESF - EQUIPE DE SAÚDE DA FAMÍLIA;28019741;4;0;0;0;0;0;0;0;0;4
SE;280120;CANINDÉ DE SÃO FRANCISCO;2477084;2;CENTRO DE SAUDE/UNIDADE BASICA;1535986;70;ESF - EQUIPE DE SAÚDE DA FAMÍLIA;28000293;2;0;0;0;0;0;0;0;0;2
SE;280300;ITABAIANINHA;3010732;2;CENTRO DE SAUDE/UNIDADE BASICA;1532928;70;ESF - EQUIPE DE SAÚDE DA FAMÍLIA;28022637;0;0;0;0;0;0;0;0;0;28
SE;280360;LARANJEIRAS;2421313;2;CENTRO DE SAUDE/UNIDADE BASICA;175587;70;ESF - EQUIPE DE SAÚDE DA FAMÍLIA;28016467;0;3;0;0;0;0;0;0;0;5
SE;280740;TOBIAS BARRETO;2422026;2;CENTRO DE SAUDE/UNIDADE BASICA;1511033;70;ESF - EQUIPE DE SAÚDE DA FAMÍLIA;28010590;0;0;0;0;1;0;0;0;2;1
SE;280130;CAPELA;2476916;1;POSTO DE SAUDE;1855700;71;ESB - EQUIPE DE SAUDE BUCAL;28014642;0;1;0;0;0;0;0;0;0;0
SE;280020;AQUIDABÃ;2422646;2;CENTRO DE SAUDE/UNIDADE BASICA;1984209;71;ESB - EQUIPE DE SAUDE BUCAL;28005490;0;0;0;1;0;0;0;0;0;0
SE;280150;CARMÓPOLIS;7859082;2;CENTRO DE SAUDE/UNIDADE BASICA;1741225;71;ESB - EQUIPE DE SAUDE BUCAL;28071425;0;8;0;8;0;0;0;0;0;0
SE;280150;CARMÓPOLIS;7859082;2;CENTRO DE SAUDE/UNIDADE BASICA;1741284;71;ESB - EQUIPE DE SAUDE BUCAL;28027299;0;1;0;6;0;0;0;0;0;0
SE;280670;SÃO CRISTÓVÃO;2423251;2;CENTRO DE SAUDE/UNIDADE BASICA;1801139;71;ESB - EQUIPE DE SAUDE BUCAL;28021517;0;0;0;0;1;0;0;0;0;0
SE;280020;AQUIDABÃ;2422689;2;CENTRO DE SAUDE/UNIDADE BASICA;171735;70;ESF - EQUIPE DE SAÚDE DA FAMÍLIA;28005198;0;0;0;0;0;0;0;0;0;1
SE;280760;UMBAÚBA;2421410;2;CENTRO DE SAUDE/UNIDADE BASICA;178764;70;ESF - EQUIPE DE SAÚDE DA FAMÍLIA;28024184;2;0;0;0;0;0;0;0;0;0
SE;280480;NOSSA SENHORA DO SOCORRO;2421690;2;CENTRO DE SAUDE/UNIDADE BASICA;-;-;-;28060407;0;0;0;0;0;0;21;0;0;0
SE;280030;ARACAJU;2399;2;CENTRO DE SAUDE/UNIDADE BASICA;2041669;71;ESB - EQUIPE DE SAUDE BUCAL;28019067;0;0;0;0;1;0;0;0;0;0
SE;280210;ESTÂNCIA;2477866;2;CENTRO DE SAUDE/UNIDADE BASICA;1739298;71;ESB - EQUIPE DE SAUDE BUCAL;28024923;0;2;0;2;0;0;0;0;0;0
SE;280210;ESTÂNCIA;2477823;2;CENTRO DE SAUDE/UNIDADE BASICA;1776371;71;ESB - EQUIPE DE SAUDE BUCAL;28024680;0;0;0;1;0;0;0;0;0;0
SE;280520;PINHÃO;2546272;2;CENTRO DE SAUDE/UNIDADE BASICA;1965301;71;ESB - EQUIPE DE SAUDE BUCAL;28028678;0;0;0;7;0;0;0;0;0;0
SE;280270;ILHA DAS FLORES;2477181;2;CENTRO DE SAUDE/UNIDADE BASICA;174564;70;ESF - EQUIPE DE SAÚDE DA FAMÍLIA;28013093;0;0;0;0;0;0;0;0;0;6
SE;280280;INDIAROBA;2423138;2;CENTRO DE SAUDE/UNIDADE BASICA;174629;70;ESF - EQUIPE DE SAÚDE DA FAMÍLIA;28025237;0;0;0;0;2;0;0;0;0;0
SE;280150;CARMÓPOLIS;7833555;2;CENTRO DE SAUDE/UNIDADE BASICA;2188074;71;ESB - EQUIPE DE SAUDE BUCAL;28032233;0;2;0;2;0;0;0;0;0;0
SE;280410;MOITA BONITA;2477211;2;CENTRO DE SAUDE/UNIDADE BASICA;1838822;71;ESB - EQUIPE DE SAUDE BUCAL;28008367;0;0;0;0;1;0;0;0;0;0
SE;280540;POÇO REDONDO;2420082;2;CENTRO DE SAUDE/UNIDADE BASICA;1977997;71;ESB - EQUIPE DE SAUDE BUCAL;28002482;0;1;0;1;1;0;0;0;0;0
SE;280630;SANTA LUZIA DO ITANHY;4228731;2;CENTRO DE SAUDE/UNIDADE BASICA;2355760;71;ESB - EQUIPE DE SAUDE BUCAL;28026063;0;0;0;2;0;0;0;0;0;0
SE;280760;UMBAÚBA;2421429;2;CENTRO DE SAUDE/UNIDADE BASICA;2221195;71;ESB - EQUIPE DE SAUDE BUCAL;28024206;0;1;0;1;0;0;0;0;0;0
SE;280030;ARACAJU;2526;2;CENTRO DE SAUDE/UNIDADE BASICA;-;-;-;28018958;1;0;0;0;0;0;0;0;0;0
SE;280670;SÃO CRISTÓVÃO;2423286;2;CENTRO DE SAUDE/UNIDADE BASICA;1801732;71;ESB - EQUIPE DE SAUDE BUCAL;28021525;0;0;0;0;2;0;0;0;0;0
SE;280670;SÃO CRISTÓVÃO;6361374;2;CENTRO DE SAUDE/UNIDADE BASICA;2217546;71;ESB - EQUIPE DE SAUDE BUCAL;28021444;0;0;0;1;0;0;0;0;0;0
SE;280030;ARACAJU;2658488;2;CENTRO DE SAUDE/UNIDADE BASICA;173169;70;ESF - EQUIPE DE SAÚDE DA FAMÍLIA;28017137;1;0;0;0;0;0;0;0;0;0
SE;280380;MALHADA DOS BOIS;2423324;2;CENTRO DE SAUDE/UNIDADE BASICA;1582313;70;ESF - EQUIPE DE SAÚDE DA FAMÍLIA;28005775;0;0;0;0;0;0;0;0;1;0
SE;280290;ITABAIANA;2611899;2;CENTRO DE SAUDE/UNIDADE BASICA;2005794;71;ESB - EQUIPE DE SAUDE BUCAL;28034546;0;1;0;0;0;0;0;0;0;0
SE;280020;AQUIDABÃ;2422662;2;CENTRO DE SAUDE/UNIDADE BASICA;171719;70;ESF - EQUIPE DE SAÚDE DA FAMÍLIA;28005309;0;0;0;0;1;0;0;0;0;1
SE;280420;MONTE ALEGRE DE SERGIPE;2420295;2;CENTRO DE SAUDE/UNIDADE BASICA;1751107;71;ESB - EQUIPE DE SAUDE BUCAL;28001451;0;0;0;1;0;0;0;0;0;0
SE;280480;NOSSA SENHORA DO SOCORRO;2421666;2;CENTRO DE SAUDE/UNIDADE BASICA;1968963;71;ESB - EQUIPE DE SAUDE BUCAL;28026519;0;0;0;1;0;0;0;0;0;0
SE;280150;CARMÓPOLIS;2745208;2;CENTRO DE SAUDE/UNIDADE BASICA;174025;70;ESF - EQUIPE DE SAÚDE DA FAMÍLIA;28016173;1;0;0;0;1;0;0;0;0;0
SE;280710;SIMÃO DIAS;2546108;2;CENTRO DE SAUDE/UNIDADE BASICA;178489;70;ESF - EQUIPE DE SAÚDE DA FAMÍLIA;28009770;0;0;0;0;0;0;0;1;0;0
SE;280280;INDIAROBA;3539148;2;CENTRO DE SAUDE/UNIDADE BASICA;174645;70;ESF - EQUIPE DE SAÚDE DA FAMÍLIA;28025270;1;0;0;0;0;0;0;0;0;0
SE;280350;LAGARTO;2503794;2;CENTRO DE SAUDE/UNIDADE BASICA;175455;70;ESF - EQUIPE DE SAÚDE DA FAMÍLIA;28011708;0;0;0;0;0;0;0;0;0;1
SE;280710;SIMÃO DIAS;2422336;2;CENTRO DE SAUDE/UNIDADE BASICA;178446;70;ESF - EQUIPE DE SAÚDE DA FAMÍLIA;28009428;0;0;0;0;0;0;0;1;0;0
SE;280480;NOSSA SENHORA DO SOCORRO;2421623;2;CENTRO DE SAUDE/UNIDADE BASICA;2529580;74;EAPP - EQUIPE DE ATENCAO PRIMARIA PRISIONAL;28020944;0;0;0;0;0;0;0;0;0;3
SE;280520;PINHÃO;2546272;2;CENTRO DE SAUDE/UNIDADE BASICA;1965301;71;ESB - EQUIPE DE SAUDE BUCAL;28036751;0;0;0;4;0;0;0;0;0;0
SE;280540;POÇO REDONDO;2420090;2;CENTRO DE SAUDE/UNIDADE BASICA;1956760;71;ESB - EQUIPE DE SAUDE BUCAL;28002261;0;8;0;8;0;0;0;0;0;0
SE;280550;POÇO VERDE;2420333;2;CENTRO DE SAUDE/UNIDADE BASICA;1785389;71;ESB - EQUIPE DE SAUDE BUCAL;28029704;0;2;0;2;0;0;0;0;0;0
SE;280020;AQUIDABÃ;2422670;2;CENTRO DE SAUDE/UNIDADE BASICA;1495232;70;ESF - EQUIPE DE SAÚDE DA FAMÍLIA;28005333;0;0;0;0;1;0;0;0;0;1
SE;280270;ILHA DAS FLORES;2502895;2;CENTRO DE SAUDE/UNIDADE BASICA;174580;70;ESF - EQUIPE DE SAÚDE DA FAMÍLIA;28013140;0;0;0;0;0;0;0;0;0;1
SE;280300;ITABAIANINHA;2421259;2;CENTRO DE SAUDE/UNIDADE BASICA;174882;70;ESF - EQUIPE DE SAÚDE DA FAMÍLIA;28023102;0;0;0;0;0;0;0;0;0;9
SE;280320;ITAPORANGA D'AJUDA;7109148;2;CENTRO DE SAUDE/UNIDADE BASICA;175137;70;ESF - EQUIPE DE SAÚDE DA FAMÍLIA;28033051;0;1;0;1;0;0;0;0;0;1
SE;280320;ITAPORANGA D'AJUDA;2422816;2;CENTRO DE SAUDE/UNIDADE BASICA;175056;70;ESF - EQUIPE DE SAÚDE DA FAMÍLIA;28025423;0;0;0;0;0;0;0;0;0;1
SE;280370;MACAMBIRA;2477300;2;CENTRO DE SAUDE/UNIDADE BASICA;175668;70;ESF - EQUIPE DE SAÚDE DA FAMÍLIA;28027140;0;0;0;0;0;0;0;0;0;1
SE;280030;ARACAJU;2291;2;CENTRO DE SAUDE/UNIDADE BASICA;-;-;-;28019741;0;0;0;0;0;0;6;0;0;0
SE;280170;CRISTINÁPOLIS;7899394;1;POSTO DE SAUDE;2340445;71;ESB - EQUIPE DE SAUDE BUCAL;28022556;0;0;0;0;1;0;0;0;0;0
SE;280410;MOITA BONITA;2477203;2;CENTRO DE SAUDE/UNIDADE BASICA;1838997;71;ESB - EQUIPE DE SAUDE BUCAL;28008383;0;2;0;2;1;0;0;0;0;0
SE;280430;MURIBECA;2477297;2;CENTRO DE SAUDE/UNIDADE BASICA;1997157;71;ESB - EQUIPE DE SAUDE BUCAL;28005872;0;1;0;0;0;0;0;0;0;0
SE;280300;ITABAIANINHA;3323161;2;CENTRO DE SAUDE/UNIDADE BASICA;-;-;-;28023102;0;0;0;0;0;0;0;0;0;1
SE;280210;ESTÂNCIA;2477823;2;CENTRO DE SAUDE/UNIDADE BASICA;1776371;71;ESB - EQUIPE DE SAUDE BUCAL;28024915;0;0;0;6;0;0;0;0;0;0
SE;280410;MOITA BONITA;2477254;2;CENTRO DE SAUDE/UNIDADE BASICA;1839209;71;ESB - EQUIPE DE SAUDE BUCAL;28008260;0;1;0;0;0;0;0;0;0;0
SE;280670;SÃO CRISTÓVÃO;2423286;2;CENTRO DE SAUDE/UNIDADE BASICA;1801732;71;ESB - EQUIPE DE SAUDE BUCAL;28021363;0;1;0;0;2;0;0;0;0;0
SE;280280;INDIAROBA;2423138;2;CENTRO DE SAUDE/UNIDADE BASICA;174629;70;ESF - EQUIPE DE SAÚDE DA FAMÍLIA;28025342;1;0;0;0;0;0;0;0;0;1
SE;280580;RIACHÃO DO DANTAS;2420929;2;CENTRO DE SAUDE/UNIDADE BASICA;177628;70;ESF - EQUIPE DE SAÚDE DA FAMÍLIA;28012186;0;1;0;1;0;0;0;0;0;0
SE;280480;NOSSA SENHORA DO SOCORRO;2421623;2;CENTRO DE SAUDE/UNIDADE BASICA;2529580;74;EAPP - EQUIPE DE ATENCAO PRIMARIA PRISIONAL;28038207;1;0;1;0;0;0;0;0;0;0
SE;280050;AREIA BRANCA;2477009;1;POSTO DE SAUDE;2510154;71;ESB - EQUIPE DE SAUDE BUCAL;28006690;0;1;0;1;0;0;0;0;0;0
SE;280440;NEÓPOLIS;2477920;2;CENTRO DE SAUDE/UNIDADE BASICA;2350408;71;ESB - EQUIPE DE SAUDE BUCAL;28013450;0;0;0;2;0;0;0;0;0;0
SE;280030;ARACAJU;2364;2;CENTRO DE SAUDE/UNIDADE BASICA;171921;70;ESF - EQUIPE DE SAÚDE DA FAMÍLIA;28018567;1;0;0;0;1;0;0;0;0;0
SE;280710;SIMÃO DIAS;2422468;2;CENTRO DE SAUDE/UNIDADE BASICA;178470;70;ESF - EQUIPE DE SAÚDE DA FAMÍLIA;28009738;0;0;0;0;0;0;0;0;0;1
SE;280460;NOSSA SENHORA DAS DORES;2476878;2;CENTRO DE SAUDE/UNIDADE BASICA;-;-;-;28006020;0;0;0;0;0;0;0;0;0;1
SE;280020;AQUIDABÃ;4660854;2;CENTRO DE SAUDE/UNIDADE BASICA;2242443;70;ESF - EQUIPE DE SAÚDE DA FAMÍLIA;28005287;0;0;0;0;0;0;0;0;0;1
SE;280030;ARACAJU;2763;2;CENTRO DE SAUDE/UNIDADE BASICA;172502;70;ESF - EQUIPE DE SAÚDE DA FAMÍLIA;28019490;1;0;0;0;0;0;0;0;0;0
SE;280580;RIACHÃO DO DANTAS;2420872;2;CENTRO DE SAUDE/UNIDADE BASICA;177598;70;ESF - EQUIPE DE SAÚDE DA FAMÍLIA;28012496;0;1;0;1;0;0;0;0;0;0
SE;280750;TOMAR DO GERU;2420457;2;CENTRO DE SAUDE/UNIDADE BASICA;178705;70;ESF - EQUIPE DE SAÚDE DA FAMÍLIA;28023820;2;0;0;0;2;0;0;0;0;2
SE;280460;NOSSA SENHORA DAS DORES;9330453;1;POSTO DE SAUDE;1854577;71;ESB - EQUIPE DE SAUDE BUCAL;28006186;0;0;0;1;0;0;0;0;0;0
SE;280420;MONTE ALEGRE DE SERGIPE;3059170;2;CENTRO DE SAUDE/UNIDADE BASICA;1751085;71;ESB - EQUIPE DE SAUDE BUCAL;28002130;0;0;0;1;0;0;0;0;0;0
SE;280030;ARACAJU;3492;2;CENTRO DE SAUDE/UNIDADE BASICA;172936;70;ESF - EQUIPE DE SAÚDE DA FAMÍLIA;28019806;0;0;0;0;0;0;0;0;0;1
SE;280320;ITAPORANGA D'AJUDA;2422816;2;CENTRO DE SAUDE/UNIDADE BASICA;175064;70;ESF - EQUIPE DE SAÚDE DA FAMÍLIA;28025873;0;0;0;0;0;0;0;0;0;2
SE;280360;LARANJEIRAS;6205240;2;CENTRO DE SAUDE/UNIDADE BASICA;175641;70;ESF - EQUIPE DE SAÚDE DA FAMÍLIA;28016416;0;0;0;1;0;0;0;0;0;0
SE;280370;MACAMBIRA;2477300;2;CENTRO DE SAUDE/UNIDADE BASICA;1659332;70;ESF - EQUIPE DE SAÚDE DA FAMÍLIA;28027140;0;0;0;0;0;0;0;0;0;1
SE;280160;CEDRO DE SÃO JOÃO;2658593;2;CENTRO DE SAUDE/UNIDADE BASICA;174076;70;ESF - EQUIPE DE SAÚDE DA FAMÍLIA;28013000;1;0;0;0;0;0;0;0;0;0
SE;280480;NOSSA SENHORA DO SOCORRO;2421623;2;CENTRO DE SAUDE/UNIDADE BASICA;2529580;74;EAPP - EQUIPE DE ATENCAO PRIMARIA PRISIONAL;28026519;0;0;0;3;0;0;0;0;0;0
SE;280030;ARACAJU;2364;2;CENTRO DE SAUDE/UNIDADE BASICA;2013681;71;ESB - EQUIPE DE SAUDE BUCAL;28018630;0;0;0;2;0;0;0;0;0;0
SE;280320;ITAPORANGA D'AJUDA;2422794;2;CENTRO DE SAUDE/UNIDADE BASICA;1792466;71;ESB - EQUIPE DE SAUDE BUCAL;28025563;0;0;0;1;1;0;0;0;0;0
SE;280030;ARACAJU;2836;2;CENTRO DE SAUDE/UNIDADE BASICA;2040611;71;ESB - EQUIPE DE SAUDE BUCAL;28019377;0;0;0;2;0;0;0;0;0;0
SE;280420;MONTE ALEGRE DE SERGIPE;2420295;2;CENTRO DE SAUDE/UNIDADE BASICA;1751107;71;ESB - EQUIPE DE SAUDE BUCAL;28001389;0;0;0;2;0;0;0;0;0;0
SE;280540;POÇO REDONDO;2420090;2;CENTRO DE SAUDE/UNIDADE BASICA;1956760;71;ESB - EQUIPE DE SAUDE BUCAL;28002415;0;2;0;2;0;0;0;0;0;0
SE;280570;PROPRIÁ;2422581;2;CENTRO DE SAUDE/UNIDADE BASICA;1977768;71;ESB - EQUIPE DE SAUDE BUCAL;28013913;0;0;0;4;4;0;0;0;0;0
SE;280710;SIMÃO DIAS;2422328;2;CENTRO DE SAUDE/UNIDADE BASICA;1991450;71;ESB - EQUIPE DE SAUDE BUCAL;28009835;0;1;0;1;0;0;0;0;0;0
SE;280030;ARACAJU;2631;2;CENTRO DE SAUDE/UNIDADE BASICA;172472;70;ESF - EQUIPE DE SAÚDE DA FAMÍLIA;28018710;3;0;0;0;0;0;0;0;2;0
SE;280030;ARACAJU;2399;2;CENTRO DE SAUDE/UNIDADE BASICA;2422301;70;ESF - EQUIPE DE SAÚDE DA FAMÍLIA;28018320;2;0;0;0;0;0;0;0;1;0
SE;280030;ARACAJU;2410;2;CENTRO DE SAUDE/UNIDADE BASICA;172049;70;ESF - EQUIPE DE SAÚDE DA FAMÍLIA;28017285;1;0;0;0;0;0;0;0;0;1
SE;280500;PEDRA MOLE;2477572;2;CENTRO DE SAUDE/UNIDADE BASICA;177105;70;ESF - EQUIPE DE SAÚDE DA FAMÍLIA;28004639;1;0;0;0;0;0;0;0;0;0
SE;280030;ARACAJU;7786646;74;POLO ACADEMIA DA SAUDE;-;-;-;28018630;1;0;0;0;0;0;0;0;0;0
SE;280067;BOQUIM;6627455;2;CENTRO DE SAUDE/UNIDADE BASICA;-;-;-;28022041;5;0;0;0;0;0;0;0;0;0
SE;280030;ARACAJU;2600366;2;CENTRO DE SAUDE/UNIDADE BASICA;1480065;72;ENASFAP - EQ DO NUCLEO AMPLIADO SAUDE DA FAMILIA E AT PRIMA.;28026837;0;0;0;0;0;0;1;0;0;0
SE;280130;CAPELA;9927425;1;POSTO DE SAUDE;2315351;71;ESB - EQUIPE DE SAUDE BUCAL;28014251;0;2;0;2;0;0;0;0;0;0
SE;280170;CRISTINÁPOLIS;2420988;1;POSTO DE SAUDE;1821431;71;ESB - EQUIPE DE SAUDE BUCAL;28035143;0;0;0;0;1;0;0;0;0;0
SE;280030;ARACAJU;9141588;2;CENTRO DE SAUDE/UNIDADE BASICA;2014394;71;ESB - EQUIPE DE SAUDE BUCAL;28019350;0;0;0;0;2;0;0;0;0;0
SE;280120;CANINDÉ DE SÃO FRANCISCO;2477114;2;CENTRO DE SAUDE/UNIDADE BASICA;2105365;71;ESB - EQUIPE DE SAUDE BUCAL;28029968;0;2;0;0;2;0;0;0;0;0
SE;280760;UMBAÚBA;9865845;2;CENTRO DE SAUDE/UNIDADE BASICA;1962019;71;ESB - EQUIPE DE SAUDE BUCAL;28024168;0;1;0;1;0;0;0;0;0;0
SE;280760;UMBAÚBA;9865845;2;CENTRO DE SAUDE/UNIDADE BASICA;1962019;71;ESB - EQUIPE DE SAUDE BUCAL;28033973;0;1;0;1;0;0;0;0;0;0
SE;280020;AQUIDABÃ;2422778;2;CENTRO DE SAUDE/UNIDADE BASICA;171743;70;ESF - EQUIPE DE SAÚDE DA FAMÍLIA;28005503;0;0;0;0;1;0;1;0;0;1
SE;280440;NEÓPOLIS;5147948;2;CENTRO DE SAUDE/UNIDADE BASICA;1546147;70;ESF - EQUIPE DE SAÚDE DA FAMÍLIA;28013492;1;0;0;0;0;0;0;0;0;0
SE;280050;AREIA BRANCA;2477009;1;POSTO DE SAUDE;2510154;71;ESB - EQUIPE DE SAUDE BUCAL;28006577;0;1;0;1;0;0;0;0;0;0
SE;280067;BOQUIM;7725205;2;CENTRO DE SAUDE/UNIDADE BASICA;1907751;71;ESB - EQUIPE DE SAUDE BUCAL;28022092;0;0;0;1;0;0;0;0;0;0
SE;280120;CANINDÉ DE SÃO FRANCISCO;2477076;2;CENTRO DE SAUDE/UNIDADE BASICA;2105314;71;ESB - EQUIPE DE SAUDE BUCAL;28026632;0;3;0;3;0;0;0;0;0;0
SE;280120;CANINDÉ DE SÃO FRANCISCO;2477122;2;CENTRO DE SAUDE/UNIDADE BASICA;173770;70;ESF - EQUIPE DE SAÚDE DA FAMÍLIA;28000226;0;0;0;0;0;0;0;0;0;1
SE;280210;ESTÂNCIA;2422905;2;CENTRO DE SAUDE/UNIDADE BASICA;174211;70;ESF - EQUIPE DE SAÚDE DA FAMÍLIA;28037626;0;0;0;0;0;0;0;1;1;1
SE;280740;TOBIAS BARRETO;7685467;2;CENTRO DE SAUDE/UNIDADE BASICA;178608;70;ESF - EQUIPE DE SAÚDE DA FAMÍLIA;28010434;3;0;0;0;0;0;0;0;0;0
SE;280740;TOBIAS BARRETO;3541444;2;CENTRO DE SAUDE/UNIDADE BASICA;178659;70;ESF - EQUIPE DE SAÚDE DA FAMÍLIA;28072413;0;1;0;0;0;0;0;0;0;0
SE;280670;SÃO CRISTÓVÃO;5459648;2;CENTRO DE SAUDE/UNIDADE BASICA;1800930;71;ESB - EQUIPE DE SAUDE BUCAL;28032349;0;1;0;1;0;0;0;0;0;0
SE;280760;UMBAÚBA;2421402;2;CENTRO DE SAUDE/UNIDADE BASICA;1962159;71;ESB - EQUIPE DE SAUDE BUCAL;28024141;0;2;0;2;0;0;0;0;0;0
SE;280020;AQUIDABÃ;4660854;2;CENTRO DE SAUDE/UNIDADE BASICA;2242443;70;ESF - EQUIPE DE SAÚDE DA FAMÍLIA;28005481;0;0;0;0;0;0;0;0;0;1
SE;280030;ARACAJU;3210634;2;CENTRO DE SAUDE/UNIDADE BASICA;173185;70;ESF - EQUIPE DE SAÚDE DA FAMÍLIA;28018923;0;0;0;0;0;0;0;0;0;1
SE;280540;POÇO REDONDO;2420090;2;CENTRO DE SAUDE/UNIDADE BASICA;2324911;76;EAP - EQUIPE DE ATENÇÃO PRIMÁRIA;28002415;0;0;0;1;0;0;0;0;0;0
SE;280540;POÇO REDONDO;2420112;2;CENTRO DE SAUDE/UNIDADE BASICA;1617893;72;ENASFAP - EQ DO NUCLEO AMPLIADO SAUDE DA FAMILIA E AT PRIMA.;28002237;0;0;0;0;0;0;4;0;0;0
SE;280130;CAPELA;2476959;2;CENTRO DE SAUDE/UNIDADE BASICA;1819305;71;ESB - EQUIPE DE SAUDE BUCAL;28014219;0;0;0;1;0;0;0;0;0;0
SE;280670;SÃO CRISTÓVÃO;2423200;2;CENTRO DE SAUDE/UNIDADE BASICA;1794922;71;ESB - EQUIPE DE SAUDE BUCAL;28021568;0;1;0;1;0;0;0;0;0;0
SE;280670;SÃO CRISTÓVÃO;5459648;2;CENTRO DE SAUDE/UNIDADE BASICA;2398001;71;ESB - EQUIPE DE SAUDE BUCAL;28021428;0;1;0;1;0;0;0;0;0;0
SE;280320;ITAPORANGA D'AJUDA;5070074;2;CENTRO DE SAUDE/UNIDADE BASICA;1792571;71;ESB - EQUIPE DE SAUDE BUCAL;28025580;0;0;0;1;0;0;0;0;0;0
SE;280030;ARACAJU;2305;2;CENTRO DE SAUDE/UNIDADE BASICA;171859;70;ESF - EQUIPE DE SAÚDE DA FAMÍLIA;28106431;1;0;0;0;0;0;0;0;0;0
SE;280030;ARACAJU;2600366;2;CENTRO DE SAUDE/UNIDADE BASICA;1480065;72;ENASFAP - EQ DO NUCLEO AMPLIADO SAUDE DA FAMILIA E AT PRIMA.;28018915;1;0;0;0;0;0;0;0;0;0
SE;280030;ARACAJU;2600366;2;CENTRO DE SAUDE/UNIDADE BASICA;2423731;70;ESF - EQUIPE DE SAÚDE DA FAMÍLIA;2111300;0;0;0;0;0;0;0;0;0;1
SE;280170;CRISTINÁPOLIS;2421003;2;CENTRO DE SAUDE/UNIDADE BASICA;174130;70;ESF - EQUIPE DE SAÚDE DA FAMÍLIA;28022599;0;0;0;0;0;0;0;0;0;1
SE;280320;ITAPORANGA D'AJUDA;2422794;2;CENTRO DE SAUDE/UNIDADE BASICA;175013;70;ESF - EQUIPE DE SAÚDE DA FAMÍLIA;28025687;1;0;0;0;0;0;0;0;0;1
SE;280150;CARMÓPOLIS;7859082;2;CENTRO DE SAUDE/UNIDADE BASICA;1741284;71;ESB - EQUIPE DE SAUDE BUCAL;28031199;0;0;0;5;0;0;0;0;0;0
SE;280270;ILHA DAS FLORES;2477181;2;CENTRO DE SAUDE/UNIDADE BASICA;1839845;71;ESB - EQUIPE DE SAUDE BUCAL;28013212;0;2;0;2;0;0;0;0;0;0
SE;280320;ITAPORANGA D'AJUDA;2422794;2;CENTRO DE SAUDE/UNIDADE BASICA;1792466;71;ESB - EQUIPE DE SAUDE BUCAL;28025687;0;1;0;1;1;0;0;0;0;0
SE;280350;LAGARTO;2503794;2;CENTRO DE SAUDE/UNIDADE BASICA;1799363;71;ESB - EQUIPE DE SAUDE BUCAL;28011708;0;1;0;1;0;0;0;0;0;0
SE;280030;ARACAJU;2259;2;CENTRO DE SAUDE/UNIDADE BASICA;171794;70;ESF - EQUIPE DE SAÚDE DA FAMÍLIA;28017404;2;0;0;0;0;0;0;0;1;0
SE;280030;ARACAJU;25682;2;CENTRO DE SAUDE/UNIDADE BASICA;173029;70;ESF - EQUIPE DE SAÚDE DA FAMÍLIA;28019270;2;0;0;0;0;0;0;0;0;2
SE;280170;CRISTINÁPOLIS;2421003;2;CENTRO DE SAUDE/UNIDADE BASICA;174130;70;ESF - EQUIPE DE SAÚDE DA FAMÍLIA;28022564;0;0;0;0;0;0;0;0;0;1
SE;280210;ESTÂNCIA;2477904;2;CENTRO DE SAUDE/UNIDADE BASICA;1738992;71;ESB - EQUIPE DE SAUDE BUCAL;28031733;0;0;0;6;0;0;0;0;0;0
SE;280270;ILHA DAS FLORES;2477181;2;CENTRO DE SAUDE/UNIDADE BASICA;174572;70;ESF - EQUIPE DE SAÚDE DA FAMÍLIA;28013093;0;0;0;0;0;0;0;0;0;4
SE;280280;INDIAROBA;3539148;2;CENTRO DE SAUDE/UNIDADE BASICA;174645;70;ESF - EQUIPE DE SAÚDE DA FAMÍLIA;28025369;1;0;0;0;0;0;0;0;0;0
SE;280280;INDIAROBA;3539148;2;CENTRO DE SAUDE/UNIDADE BASICA;174645;70;ESF - EQUIPE DE SAÚDE DA FAMÍLIA;28025245;2;0;0;0;0;0;0;0;0;0
SE;280350;LAGARTO;3048039;2;CENTRO DE SAUDE/UNIDADE BASICA;175552;70;ESF - EQUIPE DE SAÚDE DA FAMÍLIA;28011791;0;0;0;0;0;0;2;0;0;2
SE;280740;TOBIAS BARRETO;2421984;2;CENTRO DE SAUDE/UNIDADE BASICA;1511017;70;ESF - EQUIPE DE SAÚDE DA FAMÍLIA;28010736;1;0;0;0;1;0;0;0;0;0
SE;280030;ARACAJU;3115;2;CENTRO DE SAUDE/UNIDADE BASICA;172731;70;ESF - EQUIPE DE SAÚDE DA FAMÍLIA;28018842;12;0;0;0;0;0;0;0;1;12
SE;280120;CANINDÉ DE SÃO FRANCISCO;5255236;2;CENTRO DE SAUDE/UNIDADE BASICA;2226138;70;ESF - EQUIPE DE SAÚDE DA FAMÍLIA;28027434;7;0;0;0;0;0;0;0;0;0
SE;280270;ILHA DAS FLORES;2502895;2;CENTRO DE SAUDE/UNIDADE BASICA;174580;70;ESF - EQUIPE DE SAÚDE DA FAMÍLIA;28013158;0;0;0;0;0;0;0;0;0;1
SE;280740;TOBIAS BARRETO;3541444;2;CENTRO DE SAUDE/UNIDADE BASICA;178640;70;ESF - EQUIPE DE SAÚDE DA FAMÍLIA;28010698;0;0;0;0;1;0;0;0;0;1
SE;280030;ARACAJU;2305;2;CENTRO DE SAUDE/UNIDADE BASICA;171867;70;ESF - EQUIPE DE SAÚDE DA FAMÍLIA;28018907;0;0;0;0;0;0;0;0;0;2
SE;280030;ARACAJU;2429;2;CENTRO DE SAUDE/UNIDADE BASICA;172065;70;ESF - EQUIPE DE SAÚDE DA FAMÍLIA;28018354;1;0;0;0;0;0;0;0;0;0
SE;280270;ILHA DAS FLORES;2612291;2;CENTRO DE SAUDE/UNIDADE BASICA;174599;70;ESF - EQUIPE DE SAÚDE DA FAMÍLIA;28027426;0;0;0;0;0;0;0;0;0;1
SE;280210;ESTÂNCIA;2477866;2;CENTRO DE SAUDE/UNIDADE BASICA;174289;70;ESF - EQUIPE DE SAÚDE DA FAMÍLIA;28024923;0;0;0;0;0;0;0;0;0;1
SE;280300;ITABAIANINHA;3323161;2;CENTRO DE SAUDE/UNIDADE BASICA;174971;70;ESF - EQUIPE DE SAÚDE DA FAMÍLIA;28026926;0;0;0;0;0;0;0;0;0;2
SE;280320;ITAPORANGA D'AJUDA;2422794;2;CENTRO DE SAUDE/UNIDADE BASICA;175013;70;ESF - EQUIPE DE SAÚDE DA FAMÍLIA;28025563;1;0;0;0;0;0;0;0;0;1
SE;280750;TOMAR DO GERU;2420457;2;CENTRO DE SAUDE/UNIDADE BASICA;178705;70;ESF - EQUIPE DE SAÚDE DA FAMÍLIA;28023889;2;0;0;0;2;0;0;0;0;2
SE;280480;NOSSA SENHORA DO SOCORRO;2421666;2;CENTRO DE SAUDE/UNIDADE BASICA;1968718;71;ESB - EQUIPE DE SAUDE BUCAL;28020677;0;0;0;1;0;0;0;0;0;0
SE;280030;ARACAJU;2259;2;CENTRO DE SAUDE/UNIDADE BASICA;171794;70;ESF - EQUIPE DE SAÚDE DA FAMÍLIA;28037545;2;0;0;0;0;0;0;0;0;0
SE;280360;LARANJEIRAS;2421321;2;CENTRO DE SAUDE/UNIDADE BASICA;1839950;71;ESB - EQUIPE DE SAUDE BUCAL;28032012;0;1;0;0;1;0;0;0;0;0
SE;280760;UMBAÚBA;2421410;2;CENTRO DE SAUDE/UNIDADE BASICA;1962248;71;ESB - EQUIPE DE SAUDE BUCAL;28024354;0;1;0;1;0;0;0;0;0;0
SE;280760;UMBAÚBA;2421410;2;CENTRO DE SAUDE/UNIDADE BASICA;1962248;71;ESB - EQUIPE DE SAUDE BUCAL;28024320;0;1;0;1;0;0;0;0;0;0
SE;280030;ARACAJU;9141588;2;CENTRO DE SAUDE/UNIDADE BASICA;172618;70;ESF - EQUIPE DE SAÚDE DA FAMÍLIA;28018737;0;0;0;0;0;0;0;0;1;0
SE;280320;ITAPORANGA D'AJUDA;2422794;2;CENTRO DE SAUDE/UNIDADE BASICA;175013;70;ESF - EQUIPE DE SAÚDE DA FAMÍLIA;28025474;1;0;0;0;0;0;0;0;0;1
SE;280060;BARRA DOS COQUEIROS;4737695;2;CENTRO DE SAUDE/UNIDADE BASICA;2012472;71;ESB - EQUIPE DE SAUDE BUCAL;28030281;0;5;0;5;0;0;0;0;0;0
SE;280120;CANINDÉ DE SÃO FRANCISCO;2477106;2;CENTRO DE SAUDE/UNIDADE BASICA;-;-;-;28000200;0;0;0;0;0;0;0;0;0;1
SE;280120;CANINDÉ DE SÃO FRANCISCO;2477084;2;CENTRO DE SAUDE/UNIDADE BASICA;173711;70;ESF - EQUIPE DE SAÚDE DA FAMÍLIA;28035240;3;0;0;0;0;0;0;0;0;3
SE;280170;CRISTINÁPOLIS;2421003;2;CENTRO DE SAUDE/UNIDADE BASICA;174157;70;ESF - EQUIPE DE SAÚDE DA FAMÍLIA;28022424;0;0;0;0;0;0;0;0;0;2
SE;280300;ITABAIANINHA;3000346;2;CENTRO DE SAUDE/UNIDADE BASICA;174912;70;ESF - EQUIPE DE SAÚDE DA FAMÍLIA;28023056;0;0;0;0;0;0;0;0;0;5
SE;280300;ITABAIANINHA;2421275;2;CENTRO DE SAUDE/UNIDADE BASICA;174890;70;ESF - EQUIPE DE SAÚDE DA FAMÍLIA;28022920;0;0;0;0;0;0;0;0;0;17
SE;280300;ITABAIANINHA;2421259;2;CENTRO DE SAUDE/UNIDADE BASICA;174882;70;ESF - EQUIPE DE SAÚDE DA FAMÍLIA;28023021;0;0;0;0;0;0;0;0;0;15
SE;280350;LAGARTO;2420740;2;CENTRO DE SAUDE/UNIDADE BASICA;175382;70;ESF - EQUIPE DE SAÚDE DA FAMÍLIA;28011627;1;0;0;0;0;0;1;0;1;1
SE;280440;NEÓPOLIS;2477920;2;CENTRO DE SAUDE/UNIDADE BASICA;2350408;71;ESB - EQUIPE DE SAUDE BUCAL;28013425;0;2;0;2;0;0;0;0;0;0
SE;280440;NEÓPOLIS;2420058;2;CENTRO DE SAUDE/UNIDADE BASICA;1778862;71;ESB - EQUIPE DE SAUDE BUCAL;28013395;0;5;0;5;0;0;0;0;0;0
SE;280480;NOSSA SENHORA DO SOCORRO;2421623;2;CENTRO DE SAUDE/UNIDADE BASICA;2529580;74;EAPP - EQUIPE DE ATENCAO PRIMARIA PRISIONAL;28031040;0;0;0;0;0;0;0;0;0;2
SE;280600;RIBEIRÓPOLIS;2497166;2;CENTRO DE SAUDE/UNIDADE BASICA;177733;70;ESF - EQUIPE DE SAÚDE DA FAMÍLIA;28004817;0;0;0;0;0;0;0;0;0;10
SE;280600;RIBEIRÓPOLIS;2497166;2;CENTRO DE SAUDE/UNIDADE BASICA;2169630;71;ESB - EQUIPE DE SAUDE BUCAL;28004809;0;7;0;2;0;0;0;0;0;0
SE;280710;SIMÃO DIAS;2422336;2;CENTRO DE SAUDE/UNIDADE BASICA;1991337;71;ESB - EQUIPE DE SAUDE BUCAL;28009991;0;1;0;1;0;0;0;0;0;0
SE;280670;SÃO CRISTÓVÃO;2612356;2;CENTRO DE SAUDE/UNIDADE BASICA;1802933;71;ESB - EQUIPE DE SAUDE BUCAL;28021495;0;2;0;2;0;0;0;0;0;0
SE;280670;SÃO CRISTÓVÃO;2423278;2;CENTRO DE SAUDE/UNIDADE BASICA;178217;70;ESF - EQUIPE DE SAÚDE DA FAMÍLIA;28021304;1;0;0;0;0;0;1;0;1;0
SE;280760;UMBAÚBA;2421402;2;CENTRO DE SAUDE/UNIDADE BASICA;178748;70;ESF - EQUIPE DE SAÚDE DA FAMÍLIA;28024354;5;0;0;0;0;0;0;0;0;0
SE;280030;ARACAJU;2429;2;CENTRO DE SAUDE/UNIDADE BASICA;172103;70;ESF - EQUIPE DE SAÚDE DA FAMÍLIA;28019245;0;1;0;1;0;0;1;0;0;1
SE;280030;ARACAJU;2836;2;CENTRO DE SAUDE/UNIDADE BASICA;172626;70;ESF - EQUIPE DE SAÚDE DA FAMÍLIA;28019377;0;0;0;0;0;0;0;0;0;2
SE;280030;ARACAJU;2259;2;CENTRO DE SAUDE/UNIDADE BASICA;171794;70;ESF - EQUIPE DE SAÚDE DA FAMÍLIA;28019911;2;0;0;0;0;0;0;0;0;0
SE;280440;NEÓPOLIS;2477939;2;CENTRO DE SAUDE/UNIDADE BASICA;175943;70;ESF - EQUIPE DE SAÚDE DA FAMÍLIA;28013441;0;0;0;0;0;0;0;0;0;1
SE;280630;SANTA LUZIA DO ITANHY;2423413;2;CENTRO DE SAUDE/UNIDADE BASICA;177911;70;ESF - EQUIPE DE SAÚDE DA FAMÍLIA;28032071;1;0;0;0;0;0;0;0;0;2
SE;280670;SÃO CRISTÓVÃO;3519740;2;CENTRO DE SAUDE/UNIDADE BASICA;1803344;71;ESB - EQUIPE DE SAUDE BUCAL;28021452;0;2;0;2;2;0;0;0;0;0
SE;280740;TOBIAS BARRETO;7685467;2;CENTRO DE SAUDE/UNIDADE BASICA;1571052;70;ESF - EQUIPE DE SAÚDE DA FAMÍLIA;28010728;0;0;0;0;0;0;0;0;1;2
SE;280760;UMBAÚBA;2421402;2;CENTRO DE SAUDE/UNIDADE BASICA;178748;70;ESF - EQUIPE DE SAÚDE DA FAMÍLIA;28024370;6;0;0;0;0;0;0;0;0;0
SE;280030;ARACAJU;2844;2;CENTRO DE SAUDE/UNIDADE BASICA;172715;70;ESF - EQUIPE DE SAÚDE DA FAMÍLIA;28017382;3;0;0;0;0;0;0;0;0;0
SE;280200;DIVINA PASTORA;2423006;2;CENTRO DE SAUDE/UNIDADE BASICA;1873598;71;ESB - EQUIPE DE SAUDE BUCAL;28014677;0;1;0;1;1;0;0;0;0;0
SE;280290;ITABAIANA;3281329;2;CENTRO DE SAUDE/UNIDADE BASICA;2384450;71;ESB - EQUIPE DE SAUDE BUCAL;28007190;0;1;0;1;0;0;0;0;0;0
SE;280450;NOSSA SENHORA DA GLÓRIA;2421119;2;CENTRO DE SAUDE/UNIDADE BASICA;-;-;-;28002199;0;0;0;0;0;0;0;0;3;0
SE;280590;RIACHUELO;7313748;2;CENTRO DE SAUDE/UNIDADE BASICA;-;-;-;28016750;0;0;0;0;0;0;0;0;0;2
SE;280670;SÃO CRISTÓVÃO;2423200;2;CENTRO DE SAUDE/UNIDADE BASICA;178071;70;ESF - EQUIPE DE SAÚDE DA FAMÍLIA;28032640;1;0;0;0;0;0;0;0;0;0
SE;280130;CAPELA;2476916;1;POSTO DE SAUDE;173843;70;ESF - EQUIPE DE SAÚDE DA FAMÍLIA;28032632;0;0;0;0;0;0;1;0;0;0
SE;280030;ARACAJU;2526;2;CENTRO DE SAUDE/UNIDADE BASICA;1480103;72;ENASFAP - EQ DO NUCLEO AMPLIADO SAUDE DA FAMILIA E AT PRIMA.;28019229;1;0;0;0;0;0;1;0;0;0
SE;280260;GRACHO CARDOSO;6326765;1;POSTO DE SAUDE;2278987;70;ESF - EQUIPE DE SAÚDE DA FAMÍLIA;28000994;0;0;0;0;0;0;0;0;0;1
SE;280740;TOBIAS BARRETO;2422069;2;CENTRO DE SAUDE/UNIDADE BASICA;178624;70;ESF - EQUIPE DE SAÚDE DA FAMÍLIA;28010817;0;0;0;0;0;0;1;0;0;0
SE;280120;CANINDÉ DE SÃO FRANCISCO;2477114;2;CENTRO DE SAUDE/UNIDADE BASICA;173762;70;ESF - EQUIPE DE SAÚDE DA FAMÍLIA;28000064;2;0;0;0;1;0;0;0;0;2
SE;280030;ARACAJU;2600366;2;CENTRO DE SAUDE/UNIDADE BASICA;173061;70;ESF - EQUIPE DE SAÚDE DA FAMÍLIA;28018290;2;0;0;0;0;0;0;0;0;0
SE;280030;ARACAJU;2836;2;CENTRO DE SAUDE/UNIDADE BASICA;-;-;-;28019377;0;0;0;0;2;0;0;0;0;0
SE;280270;ILHA DAS FLORES;2477181;2;CENTRO DE SAUDE/UNIDADE BASICA;174564;70;ESF - EQUIPE DE SAÚDE DA FAMÍLIA;28013220;0;0;0;0;0;0;0;0;0;1
SE;280480;NOSSA SENHORA DO SOCORRO;2421623;2;CENTRO DE SAUDE/UNIDADE BASICA;2529580;74;EAPP - EQUIPE DE ATENCAO PRIMARIA PRISIONAL;28111400;0;0;0;0;0;0;0;0;0;1
SE;280030;ARACAJU;2291;2;CENTRO DE SAUDE/UNIDADE BASICA;-;-;-;28031679;0;0;0;0;0;0;1;0;0;0
SE;280170;CRISTINÁPOLIS;2420988;1;POSTO DE SAUDE;1821431;71;ESB - EQUIPE DE SAUDE BUCAL;28031768;0;1;0;1;0;0;0;0;0;0
SE;280420;MONTE ALEGRE DE SERGIPE;2420295;2;CENTRO DE SAUDE/UNIDADE BASICA;175870;70;ESF - EQUIPE DE SAÚDE DA FAMÍLIA;28001443;0;0;0;0;0;0;1;0;0;0
SE;280440;NEÓPOLIS;5147948;2;CENTRO DE SAUDE/UNIDADE BASICA;1546147;70;ESF - EQUIPE DE SAÚDE DA FAMÍLIA;28013468;1;0;0;0;1;0;0;0;1;0
SE;280030;ARACAJU;2526;2;CENTRO DE SAUDE/UNIDADE BASICA;172251;70;ESF - EQUIPE DE SAÚDE DA FAMÍLIA;28017501;0;0;0;0;0;0;0;0;0;2
SE;280120;CANINDÉ DE SÃO FRANCISCO;5341264;2;CENTRO DE SAUDE/UNIDADE BASICA;2248204;71;ESB - EQUIPE DE SAUDE BUCAL;28000110;0;0;0;2;0;0;0;0;0;0
SE;280300;ITABAIANINHA;2421283;2;CENTRO DE SAUDE/UNIDADE BASICA;174904;70;ESF - EQUIPE DE SAÚDE DA FAMÍLIA;28022840;0;0;0;0;0;0;0;0;0;14
SE;280300;ITABAIANINHA;3323161;2;CENTRO DE SAUDE/UNIDADE BASICA;174971;70;ESF - EQUIPE DE SAÚDE DA FAMÍLIA;28023137;1;0;0;0;0;0;0;0;0;15
SE;280300;ITABAIANINHA;3323161;2;CENTRO DE SAUDE/UNIDADE BASICA;-;-;-;28029682;0;0;0;0;0;0;0;0;0;33
SE;280350;LAGARTO;2503808;2;CENTRO DE SAUDE/UNIDADE BASICA;175498;70;ESF - EQUIPE DE SAÚDE DA FAMÍLIA;28011945;0;0;0;0;0;0;2;0;0;1
SE;280420;MONTE ALEGRE DE SERGIPE;2420295;2;CENTRO DE SAUDE/UNIDADE BASICA;-;-;-;28001389;0;0;0;0;0;0;1;0;0;0
SE;280450;NOSSA SENHORA DA GLÓRIA;2421046;2;CENTRO DE SAUDE/UNIDADE BASICA;1951505;71;ESB - EQUIPE DE SAUDE BUCAL;28001982;0;1;0;1;0;0;0;0;0;0
SE;280440;NEÓPOLIS;7231954;2;CENTRO DE SAUDE/UNIDADE BASICA;1779028;71;ESB - EQUIPE DE SAUDE BUCAL;28013360;0;3;0;4;0;0;0;0;0;0
SE;280440;NEÓPOLIS;2420058;2;CENTRO DE SAUDE/UNIDADE BASICA;1778862;71;ESB - EQUIPE DE SAUDE BUCAL;28013484;0;2;0;2;0;0;0;0;0;0
SE;280480;NOSSA SENHORA DO SOCORRO;6880665;74;POLO ACADEMIA DA SAUDE;-;-;-;28060407;0;0;0;0;0;0;16;0;0;0
SE;280480;NOSSA SENHORA DO SOCORRO;3496171;2;CENTRO DE SAUDE/UNIDADE BASICA;-;-;-;28060407;0;0;0;0;0;0;20;0;0;0
SE;280600;RIBEIRÓPOLIS;2497166;2;CENTRO DE SAUDE/UNIDADE BASICA;1773801;71;ESB - EQUIPE DE SAUDE BUCAL;28034058;0;0;0;11;0;0;0;0;0;0
SE;280670;SÃO CRISTÓVÃO;2612356;2;CENTRO DE SAUDE/UNIDADE BASICA;178268;70;ESF - EQUIPE DE SAÚDE DA FAMÍLIA;28021290;2;0;0;0;0;0;0;0;0;0
SE;280690;SÃO FRANCISCO;2423359;2;CENTRO DE SAUDE/UNIDADE BASICA;178365;70;ESF - EQUIPE DE SAÚDE DA FAMÍLIA;28016130;0;0;0;0;0;0;0;0;0;2
SE;280067;BOQUIM;6407641;2;CENTRO DE SAUDE/UNIDADE BASICA;-;-;-;28022041;0;0;0;4;0;0;0;0;0;0
SE;280130;CAPELA;2476908;1;POSTO DE SAUDE;173835;70;ESF - EQUIPE DE SAÚDE DA FAMÍLIA;28032632;0;0;0;0;0;0;2;0;0;2
SE;280420;MONTE ALEGRE DE SERGIPE;2420279;2;CENTRO DE SAUDE/UNIDADE BASICA;2273136;71;ESB - EQUIPE DE SAUDE BUCAL;28030672;0;0;0;1;0;0;0;0;0;0
SE;280480;NOSSA SENHORA DO SOCORRO;2421623;2;CENTRO DE SAUDE/UNIDADE BASICA;2529580;74;EAPP - EQUIPE DE ATENCAO PRIMARIA PRISIONAL;28020642;0;0;0;0;0;0;3;0;0;0
SE;280630;SANTA LUZIA DO ITANHY;2545853;2;CENTRO DE SAUDE/UNIDADE BASICA;177962;70;ESF - EQUIPE DE SAÚDE DA FAMÍLIA;28026080;0;0;0;0;0;0;2;0;0;0
SE;280710;SIMÃO DIAS;2546108;2;CENTRO DE SAUDE/UNIDADE BASICA;1991299;71;ESB - EQUIPE DE SAUDE BUCAL;28009770;0;0;0;0;4;0;0;0;0;0
SE;280710;SIMÃO DIAS;2546108;2;CENTRO DE SAUDE/UNIDADE BASICA;178489;70;ESF - EQUIPE DE SAÚDE DA FAMÍLIA;28009983;0;0;0;0;0;0;2;1;1;0
SE;280710;SIMÃO DIAS;2422433;2;CENTRO DE SAUDE/UNIDADE BASICA;178462;70;ESF - EQUIPE DE SAÚDE DA FAMÍLIA;28009843;0;0;0;0;0;0;0;0;0;1
SE;280760;UMBAÚBA;9865845;2;CENTRO DE SAUDE/UNIDADE BASICA;2207257;70;ESF - EQUIPE DE SAÚDE DA FAMÍLIA;28033973;4;0;0;0;0;0;0;0;0;0
SE;280030;ARACAJU;3425;2;CENTRO DE SAUDE/UNIDADE BASICA;2116561;71;ESB - EQUIPE DE SAUDE BUCAL;28018303;0;0;0;1;4;0;0;0;0;0
SE;280600;RIBEIRÓPOLIS;2497204;1;POSTO DE SAUDE;177768;70;ESF - EQUIPE DE SAÚDE DA FAMÍLIA;28005031;0;0;0;0;0;0;0;0;0;1
SE;280740;TOBIAS BARRETO;2421984;2;CENTRO DE SAUDE/UNIDADE BASICA;1807285;71;ESB - EQUIPE DE SAUDE BUCAL;28010671;0;3;0;3;0;0;0;0;0;0
SE;280020;AQUIDABÃ;2422662;2;CENTRO DE SAUDE/UNIDADE BASICA;171719;70;ESF - EQUIPE DE SAÚDE DA FAMÍLIA;28005546;0;0;0;0;1;0;1;0;0;1
SE;280030;ARACAJU;2291;2;CENTRO DE SAUDE/UNIDADE BASICA;171808;70;ESF - EQUIPE DE SAÚDE DA FAMÍLIA;28031660;1;0;0;0;0;0;0;0;0;0
SE;280480;NOSSA SENHORA DO SOCORRO;2421623;2;CENTRO DE SAUDE/UNIDADE BASICA;2529580;74;EAPP - EQUIPE DE ATENCAO PRIMARIA PRISIONAL;28020634;0;0;0;1;0;0;0;0;0;0
SE;280760;UMBAÚBA;2421402;2;CENTRO DE SAUDE/UNIDADE BASICA;-;-;-;28024320;1;0;0;0;0;0;0;0;0;0
SE;280010;AMPARO DE SÃO FRANCISCO;7009615;2;CENTRO DE SAUDE/UNIDADE BASICA;1956205;71;ESB - EQUIPE DE SAUDE BUCAL;28012666;0;0;0;1;0;0;0;0;0;0
SE;280300;ITABAIANINHA;3010732;2;CENTRO DE SAUDE/UNIDADE BASICA;1532928;70;ESF - EQUIPE DE SAÚDE DA FAMÍLIA;28028546;0;0;0;0;0;0;0;0;0;1
SE;280300;ITABAIANINHA;3323161;2;CENTRO DE SAUDE/UNIDADE BASICA;174971;70;ESF - EQUIPE DE SAÚDE DA FAMÍLIA;28022840;0;0;0;0;0;0;0;0;0;1
SE;280360;LARANJEIRAS;2421313;2;CENTRO DE SAUDE/UNIDADE BASICA;1839144;71;ESB - EQUIPE DE SAUDE BUCAL;28016467;0;1;0;0;0;0;0;0;0;0
SE;280030;ARACAJU;2600366;2;CENTRO DE SAUDE/UNIDADE BASICA;2423731;70;ESF - EQUIPE DE SAÚDE DA FAMÍLIA;28027850;1;0;0;0;0;0;0;0;0;0
SE;280450;NOSSA SENHORA DA GLÓRIA;2421119;2;CENTRO DE SAUDE/UNIDADE BASICA;2500442;70;ESF - EQUIPE DE SAÚDE DA FAMÍLIA;28036395;0;0;0;0;0;0;0;0;0;2
SE;280670;SÃO CRISTÓVÃO;2423227;2;CENTRO DE SAUDE/UNIDADE BASICA;178187;70;ESF - EQUIPE DE SAÚDE DA FAMÍLIA;28028252;1;0;0;0;0;0;0;0;0;0
SE;280440;NEÓPOLIS;2680092;2;CENTRO DE SAUDE/UNIDADE BASICA;175978;70;ESF - EQUIPE DE SAÚDE DA FAMÍLIA;28013239;1;0;0;0;0;0;0;0;0;1
SE;280600;RIBEIRÓPOLIS;2421240;1;POSTO DE SAUDE;1773712;71;ESB - EQUIPE DE SAUDE BUCAL;28034058;0;0;0;1;0;0;0;0;0;0
SE;280630;SANTA LUZIA DO ITANHY;4228731;2;CENTRO DE SAUDE/UNIDADE BASICA;2355779;70;ESF - EQUIPE DE SAÚDE DA FAMÍLIA;28026063;0;0;0;0;0;0;0;0;0;1
SE;280010;AMPARO DE SÃO FRANCISCO;7009615;2;CENTRO DE SAUDE/UNIDADE BASICA;1956205;71;ESB - EQUIPE DE SAUDE BUCAL;28012712;0;0;0;1;0;0;0;0;0;0
SE;280760;UMBAÚBA;2421429;2;CENTRO DE SAUDE/UNIDADE BASICA;2221195;71;ESB - EQUIPE DE SAUDE BUCAL;28024273;0;1;0;1;0;0;0;0;0;0
SE;280130;CAPELA;2679957;1;POSTO DE SAUDE;173932;70;ESF - EQUIPE DE SAÚDE DA FAMÍLIA;28014413;0;3;0;3;0;0;0;0;0;0
SE;280030;ARACAJU;9141588;2;CENTRO DE SAUDE/UNIDADE BASICA;172596;70;ESF - EQUIPE DE SAÚDE DA FAMÍLIA;28019350;2;0;0;0;0;0;0;0;0;0
SE;280250;GENERAL MAYNARD;7806361;1;POSTO DE SAUDE;1750178;71;ESB - EQUIPE DE SAUDE BUCAL;28016262;0;0;0;2;0;0;0;0;0;0
SE;280210;ESTÂNCIA;9998233;2;CENTRO DE SAUDE/UNIDADE BASICA;1739425;71;ESB - EQUIPE DE SAUDE BUCAL;28024834;0;1;0;3;1;0;0;0;0;0
SE;280270;ILHA DAS FLORES;2477181;2;CENTRO DE SAUDE/UNIDADE BASICA;174564;70;ESF - EQUIPE DE SAÚDE DA FAMÍLIA;28013107;0;0;0;0;0;0;0;0;18;0
SE;280300;ITABAIANINHA;2421283;2;CENTRO DE SAUDE/UNIDADE BASICA;174904;70;ESF - EQUIPE DE SAÚDE DA FAMÍLIA;28023072;0;0;0;0;0;0;0;0;0;8
SE;280300;ITABAIANINHA;9305866;2;CENTRO DE SAUDE/UNIDADE BASICA;1630318;70;ESF - EQUIPE DE SAÚDE DA FAMÍLIA;28036930;0;0;0;0;0;0;0;0;0;7
SE;280350;LAGARTO;2420821;2;CENTRO DE SAUDE/UNIDADE BASICA;1835408;71;ESB - EQUIPE DE SAUDE BUCAL;28011260;0;1;0;0;0;0;0;0;0;0
SE;280445;NOSSA SENHORA APARECIDA;3012255;2;CENTRO DE SAUDE/UNIDADE BASICA;1926683;71;ESB - EQUIPE DE SAUDE BUCAL;28004507;0;1;0;1;0;0;0;0;0;0
SE;280580;RIACHÃO DO DANTAS;2420929;2;CENTRO DE SAUDE/UNIDADE BASICA;177628;70;ESF - EQUIPE DE SAÚDE DA FAMÍLIA;28012615;0;1;0;1;0;0;0;0;0;0
SE;280710;SIMÃO DIAS;2422328;2;CENTRO DE SAUDE/UNIDADE BASICA;1630970;70;ESF - EQUIPE DE SAÚDE DA FAMÍLIA;28010019;0;0;0;0;0;0;3;0;0;0
SE;280740;TOBIAS BARRETO;2422069;2;CENTRO DE SAUDE/UNIDADE BASICA;1518682;70;ESF - EQUIPE DE SAÚDE DA FAMÍLIA;28010230;8;0;0;0;0;0;0;0;1;2
SE;280030;ARACAJU;2600366;2;CENTRO DE SAUDE/UNIDADE BASICA;173096;70;ESF - EQUIPE DE SAÚDE DA FAMÍLIA;28037537;3;0;0;0;0;0;0;0;0;0
SE;280240;GARARU;2421216;2;CENTRO DE SAUDE/UNIDADE BASICA;1780913;71;ESB - EQUIPE DE SAUDE BUCAL;28000846;0;0;0;3;0;0;0;0;0;0
SE;280350;LAGARTO;2503808;2;CENTRO DE SAUDE/UNIDADE BASICA;175471;70;ESF - EQUIPE DE SAÚDE DA FAMÍLIA;28011309;2;0;0;0;0;0;0;0;0;0
SE;280440;NEÓPOLIS;5147948;2;CENTRO DE SAUDE/UNIDADE BASICA;1546147;70;ESF - EQUIPE DE SAÚDE DA FAMÍLIA;28013409;2;0;0;0;0;0;0;0;2;1
SE;280480;NOSSA SENHORA DO SOCORRO;2421623;2;CENTRO DE SAUDE/UNIDADE BASICA;2529580;74;EAPP - EQUIPE DE ATENCAO PRIMARIA PRISIONAL;28020928;0;0;0;0;0;0;0;0;0;2
SE;280480;NOSSA SENHORA DO SOCORRO;2421623;2;CENTRO DE SAUDE/UNIDADE BASICA;2529580;74;EAPP - EQUIPE DE ATENCAO PRIMARIA PRISIONAL;28020812;2;0;0;0;0;0;0;0;0;2
SE;280710;SIMÃO DIAS;2422433;2;CENTRO DE SAUDE/UNIDADE BASICA;178462;70;ESF - EQUIPE DE SAÚDE DA FAMÍLIA;28009452;0;0;0;0;0;0;1;0;0;0
SE;280030;ARACAJU;2526;2;CENTRO DE SAUDE/UNIDADE BASICA;2038455;71;ESB - EQUIPE DE SAUDE BUCAL;28019253;0;0;0;1;0;0;0;0;0;0
SE;280130;CAPELA;2476908;1;POSTO DE SAUDE;173835;70;ESF - EQUIPE DE SAÚDE DA FAMÍLIA;28014529;2;0;0;0;0;0;2;0;0;2
SE;280030;ARACAJU;3115;2;CENTRO DE SAUDE/UNIDADE BASICA;172758;70;ESF - EQUIPE DE SAÚDE DA FAMÍLIA;28020260;2;0;0;0;0;0;0;0;0;0
SE;280260;GRACHO CARDOSO;2612224;2;CENTRO DE SAUDE/UNIDADE BASICA;174548;70;ESF - EQUIPE DE SAÚDE DA FAMÍLIA;28000986;0;0;0;0;0;0;0;0;0;1
SE;280420;MONTE ALEGRE DE SERGIPE;2420279;2;CENTRO DE SAUDE/UNIDADE BASICA;2273136;71;ESB - EQUIPE DE SAUDE BUCAL;28001494;0;0;0;1;0;0;0;0;0;0
SE;280560;PORTO DA FOLHA;2818957;1;POSTO DE SAUDE;177431;70;ESF - EQUIPE DE SAÚDE DA FAMÍLIA;28002911;0;1;0;1;0;0;0;0;0;0
SE;280600;RIBEIRÓPOLIS;2497166;2;CENTRO DE SAUDE/UNIDADE BASICA;177709;70;ESF - EQUIPE DE SAÚDE DA FAMÍLIA;28005155;0;0;0;0;0;0;0;0;0;3
SE;280580;RIACHÃO DO DANTAS;2420864;2;CENTRO DE SAUDE/UNIDADE BASICA;177571;70;ESF - EQUIPE DE SAÚDE DA FAMÍLIA;28012330;0;0;0;0;1;0;0;0;0;1
SE;280710;SIMÃO DIAS;9331077;2;CENTRO DE SAUDE/UNIDADE BASICA;178438;70;ESF - EQUIPE DE SAÚDE DA FAMÍLIA;28009754;0;0;0;0;0;0;0;1;0;2
SE;280260;GRACHO CARDOSO;2612224;2;CENTRO DE SAUDE/UNIDADE BASICA;174556;70;ESF - EQUIPE DE SAÚDE DA FAMÍLIA;28001125;0;0;0;0;0;0;0;0;1;1
SE;280290;ITABAIANA;2546159;2;CENTRO DE SAUDE/UNIDADE BASICA;2129027;70;ESF - EQUIPE DE SAÚDE DA FAMÍLIA;28030460;0;0;0;0;0;0;0;0;0;1
SE;280300;ITABAIANINHA;3323161;2;CENTRO DE SAUDE/UNIDADE BASICA;-;-;-;28023021;0;0;0;0;0;0;0;0;0;3
SE;280740;TOBIAS BARRETO;3541444;2;CENTRO DE SAUDE/UNIDADE BASICA;178632;70;ESF - EQUIPE DE SAÚDE DA FAMÍLIA;28010450;0;0;0;0;1;0;0;0;0;1
SE;280030;ARACAJU;2600366;2;CENTRO DE SAUDE/UNIDADE BASICA;173126;70;ESF - EQUIPE DE SAÚDE DA FAMÍLIA;28018915;0;0;0;0;0;0;1;0;0;0
SE;280200;DIVINA PASTORA;2423006;2;CENTRO DE SAUDE/UNIDADE BASICA;1873598;71;ESB - EQUIPE DE SAUDE BUCAL;28014669;0;1;0;1;1;0;0;0;0;0
SE;280630;SANTA LUZIA DO ITANHY;2423405;2;CENTRO DE SAUDE/UNIDADE BASICA;177903;70;ESF - EQUIPE DE SAÚDE DA FAMÍLIA;28026152;0;0;0;0;0;0;1;0;0;0
SE;280690;SÃO FRANCISCO;3605671;2;CENTRO DE SAUDE/UNIDADE BASICA;1970577;71;ESB - EQUIPE DE SAUDE BUCAL;28016114;0;3;0;3;0;0;0;0;0;0
SE;280750;TOMAR DO GERU;2420422;2;CENTRO DE SAUDE/UNIDADE BASICA;1810405;71;ESB - EQUIPE DE SAUDE BUCAL;28023986;0;1;0;1;0;0;0;0;0;0
SE;280760;UMBAÚBA;2421429;2;CENTRO DE SAUDE/UNIDADE BASICA;178772;70;ESF - EQUIPE DE SAÚDE DA FAMÍLIA;28024281;3;0;0;0;0;0;0;0;0;0
SE;280760;UMBAÚBA;2421402;2;CENTRO DE SAUDE/UNIDADE BASICA;1961861;71;ESB - EQUIPE DE SAUDE BUCAL;28024400;0;2;0;2;0;0;0;0;0;0
SE;280030;ARACAJU;2600366;2;CENTRO DE SAUDE/UNIDADE BASICA;173126;70;ESF - EQUIPE DE SAÚDE DA FAMÍLIA;28026837;2;0;0;0;0;0;0;0;0;0
SE;280170;CRISTINÁPOLIS;2420953;1;POSTO DE SAUDE;1821075;71;ESB - EQUIPE DE SAUDE BUCAL;28034481;0;0;0;0;1;0;0;0;0;0
SE;280320;ITAPORANGA D'AJUDA;2422824;2;CENTRO DE SAUDE/UNIDADE BASICA;1792520;71;ESB - EQUIPE DE SAUDE BUCAL;28025660;0;1;0;1;0;0;0;0;0;0
SE;280260;GRACHO CARDOSO;2612224;2;CENTRO DE SAUDE/UNIDADE BASICA;174548;70;ESF - EQUIPE DE SAÚDE DA FAMÍLIA;28001010;0;0;0;0;0;0;0;0;0;1
SE;280450;NOSSA SENHORA DA GLÓRIA;2421119;2;CENTRO DE SAUDE/UNIDADE BASICA;-;-;-;28001826;0;0;0;0;0;0;0;1;0;0
SE;280480;NOSSA SENHORA DO SOCORRO;2421666;2;CENTRO DE SAUDE/UNIDADE BASICA;1618466;72;ENASFAP - EQ DO NUCLEO AMPLIADO SAUDE DA FAMILIA E AT PRIMA.;28026519;1;0;0;0;0;0;0;0;0;0
SE;280170;CRISTINÁPOLIS;2420988;1;POSTO DE SAUDE;2431580;76;EAP - EQUIPE DE ATENÇÃO PRIMÁRIA;28031768;0;1;0;1;0;0;0;0;0;1
SE;280560;PORTO DA FOLHA;2422115;1;POSTO DE SAUDE;177407;70;ESF - EQUIPE DE SAÚDE DA FAMÍLIA;28003217;0;0;0;0;0;0;0;0;0;2
SE;280710;SIMÃO DIAS;2422263;2;CENTRO DE SAUDE/UNIDADE BASICA;1530720;70;ESF - EQUIPE DE SAÚDE DA FAMÍLIA;28009312;0;0;0;0;0;0;0;0;0;1
SE;280740;TOBIAS BARRETO;2422026;2;CENTRO DE SAUDE/UNIDADE BASICA;1807854;71;ESB - EQUIPE DE SAUDE BUCAL;28010590;0;2;0;2;0;0;0;0;0;0
SE;280020;AQUIDABÃ;2422662;2;CENTRO DE SAUDE/UNIDADE BASICA;171719;70;ESF - EQUIPE DE SAÚDE DA FAMÍLIA;28005538;0;0;0;0;1;0;1;0;0;1
SE;280170;CRISTINÁPOLIS;2421003;2;CENTRO DE SAUDE/UNIDADE BASICA;174130;70;ESF - EQUIPE DE SAÚDE DA FAMÍLIA;28022530;0;0;0;0;0;0;0;0;0;1
SE;280290;ITABAIANA;3281329;2;CENTRO DE SAUDE/UNIDADE BASICA;2384450;71;ESB - EQUIPE DE SAUDE BUCAL;28007158;0;2;0;0;0;0;0;0;0;0
SE;280410;MOITA BONITA;2477211;2;CENTRO DE SAUDE/UNIDADE BASICA;1838822;71;ESB - EQUIPE DE SAUDE BUCAL;28008340;0;1;0;1;0;0;0;0;0;0
SE;280450;NOSSA SENHORA DA GLÓRIA;2421119;2;CENTRO DE SAUDE/UNIDADE BASICA;176168;70;ESF - EQUIPE DE SAÚDE DA FAMÍLIA;28001826;0;0;0;0;1;0;0;9;0;0
SE;280600;RIBEIRÓPOLIS;2497204;1;POSTO DE SAUDE;177768;70;ESF - EQUIPE DE SAÚDE DA FAMÍLIA;28033159;0;0;0;0;0;0;0;0;0;2
SE;280710;SIMÃO DIAS;9250468;2;CENTRO DE SAUDE/UNIDADE BASICA;1572687;70;ESF - EQUIPE DE SAÚDE DA FAMÍLIA;28009380;0;0;0;0;0;0;1;0;0;7
SE;280710;SIMÃO DIAS;2422263;2;CENTRO DE SAUDE/UNIDADE BASICA;1572679;70;ESF - EQUIPE DE SAÚDE DA FAMÍLIA;28009290;0;3;0;2;0;0;0;0;0;0
SE;280030;ARACAJU;2526;2;CENTRO DE SAUDE/UNIDADE BASICA;172243;70;ESF - EQUIPE DE SAÚDE DA FAMÍLIA;28017501;1;0;0;0;0;0;0;0;0;0
SE;280170;CRISTINÁPOLIS;2421003;2;CENTRO DE SAUDE/UNIDADE BASICA;174130;70;ESF - EQUIPE DE SAÚDE DA FAMÍLIA;28022505;0;0;0;0;0;0;0;0;0;1
SE;280300;ITABAIANINHA;3292835;2;CENTRO DE SAUDE/UNIDADE BASICA;174947;70;ESF - EQUIPE DE SAÚDE DA FAMÍLIA;28026934;0;0;0;0;0;0;0;0;0;9
SE;280300;ITABAIANINHA;3323161;2;CENTRO DE SAUDE/UNIDADE BASICA;174971;70;ESF - EQUIPE DE SAÚDE DA FAMÍLIA;28027124;0;0;0;0;0;0;0;0;0;14
SE;280320;ITAPORANGA D'AJUDA;4047141;2;CENTRO DE SAUDE/UNIDADE BASICA;2294486;70;ESF - EQUIPE DE SAÚDE DA FAMÍLIA;28025520;0;0;0;0;0;0;0;0;0;1
SE;280320;ITAPORANGA D'AJUDA;2815877;2;CENTRO DE SAUDE/UNIDADE BASICA;1792733;71;ESB - EQUIPE DE SAUDE BUCAL;28025547;0;1;0;1;0;0;0;0;0;0
SE;280420;MONTE ALEGRE DE SERGIPE;2420279;2;CENTRO DE SAUDE/UNIDADE BASICA;-;-;-;28001494;0;0;0;5;0;0;0;0;0;0
SE;280640;SANTANA DO SÃO FRANCISCO;4020987;2;CENTRO DE SAUDE/UNIDADE BASICA;177997;70;ESF - EQUIPE DE SAÚDE DA FAMÍLIA;28013964;0;0;0;0;0;0;1;0;0;0
SE;280670;SÃO CRISTÓVÃO;2423200;2;CENTRO DE SAUDE/UNIDADE BASICA;1794205;71;ESB - EQUIPE DE SAUDE BUCAL;28021231;0;1;0;1;0;0;0;0;0;0
SE;280710;SIMÃO DIAS;9331077;2;CENTRO DE SAUDE/UNIDADE BASICA;178438;70;ESF - EQUIPE DE SAÚDE DA FAMÍLIA;28009657;0;0;0;0;0;0;0;0;1;3
SE;280120;CANINDÉ DE SÃO FRANCISCO;2477084;2;CENTRO DE SAUDE/UNIDADE BASICA;2105330;71;ESB - EQUIPE DE SAUDE BUCAL;28035240;0;0;0;0;2;0;0;0;0;0
SE;280260;GRACHO CARDOSO;2612224;2;CENTRO DE SAUDE/UNIDADE BASICA;174556;70;ESF - EQUIPE DE SAÚDE DA FAMÍLIA;28001133;0;0;0;0;0;0;0;0;0;1
SE;280350;LAGARTO;2680122;2;CENTRO DE SAUDE/UNIDADE BASICA;175501;70;ESF - EQUIPE DE SAÚDE DA FAMÍLIA;28010981;1;0;0;0;0;0;0;0;0;1
SE;280430;MURIBECA;2477297;2;CENTRO DE SAUDE/UNIDADE BASICA;175919;70;ESF - EQUIPE DE SAÚDE DA FAMÍLIA;28005880;0;0;0;0;0;0;0;0;0;1
SE;280130;CAPELA;2476959;2;CENTRO DE SAUDE/UNIDADE BASICA;1517597;70;ESF - EQUIPE DE SAÚDE DA FAMÍLIA;28014120;2;0;0;0;0;0;2;0;0;0
SE;280300;ITABAIANINHA;3000346;2;CENTRO DE SAUDE/UNIDADE BASICA;174912;70;ESF - EQUIPE DE SAÚDE DA FAMÍLIA;28022777;0;0;0;0;0;0;0;0;0;5
SE;280460;NOSSA SENHORA DAS DORES;2476878;2;CENTRO DE SAUDE/UNIDADE BASICA;1854372;71;ESB - EQUIPE DE SAUDE BUCAL;28006160;0;2;0;2;2;0;0;0;0;0
SE;280600;RIBEIRÓPOLIS;2497166;2;CENTRO DE SAUDE/UNIDADE BASICA;177741;70;ESF - EQUIPE DE SAÚDE DA FAMÍLIA;28004809;0;0;0;0;0;0;0;0;0;6
SE;280710;SIMÃO DIAS;2422336;2;CENTRO DE SAUDE/UNIDADE BASICA;178446;70;ESF - EQUIPE DE SAÚDE DA FAMÍLIA;28009991;0;0;0;0;0;0;0;1;0;0
SE;280740;TOBIAS BARRETO;2422069;2;CENTRO DE SAUDE/UNIDADE BASICA;1518682;70;ESF - EQUIPE DE SAÚDE DA FAMÍLIA;28031725;3;0;0;0;0;0;0;0;0;0
SE;280760;UMBAÚBA;9865845;2;CENTRO DE SAUDE/UNIDADE BASICA;-;-;-;28033965;1;0;0;0;0;0;0;0;0;0
SE;280760;UMBAÚBA;9865845;2;CENTRO DE SAUDE/UNIDADE BASICA;178780;70;ESF - EQUIPE DE SAÚDE DA FAMÍLIA;28024214;6;0;0;0;0;0;0;0;0;0
SE;280320;ITAPORANGA D'AJUDA;6640044;2;CENTRO DE SAUDE/UNIDADE BASICA;2259036;70;ESF - EQUIPE DE SAÚDE DA FAMÍLIA;28030222;0;0;0;0;0;0;0;0;0;1
SE;280600;RIBEIRÓPOLIS;2497166;2;CENTRO DE SAUDE/UNIDADE BASICA;2333848;71;ESB - EQUIPE DE SAUDE BUCAL;28004973;0;0;0;1;0;0;0;0;0;0
SE;280750;TOMAR DO GERU;9706534;2;CENTRO DE SAUDE/UNIDADE BASICA;1810464;71;ESB - EQUIPE DE SAUDE BUCAL;28032659;0;2;0;2;0;0;0;0;0;0
SE;280120;CANINDÉ DE SÃO FRANCISCO;2477122;2;CENTRO DE SAUDE/UNIDADE BASICA;173770;70;ESF - EQUIPE DE SAÚDE DA FAMÍLIA;28000080;1;0;0;0;0;0;0;0;0;0
SE;280320;ITAPORANGA D'AJUDA;2422794;2;CENTRO DE SAUDE/UNIDADE BASICA;1792466;71;ESB - EQUIPE DE SAUDE BUCAL;28025474;0;1;0;1;0;0;0;0;0;0
SE;280030;ARACAJU;2600366;2;CENTRO DE SAUDE/UNIDADE BASICA;173096;70;ESF - EQUIPE DE SAÚDE DA FAMÍLIA;28019067;1;0;0;0;0;0;0;0;0;0
SE;280170;CRISTINÁPOLIS;2421003;2;CENTRO DE SAUDE/UNIDADE BASICA;174130;70;ESF - EQUIPE DE SAÚDE DA FAMÍLIA;28022548;0;0;0;0;0;0;0;0;0;1
SE;280260;GRACHO CARDOSO;6326765;1;POSTO DE SAUDE;2278987;70;ESF - EQUIPE DE SAÚDE DA FAMÍLIA;28001044;0;0;0;0;0;0;0;0;0;1
SE;280320;ITAPORANGA D'AJUDA;2422824;2;CENTRO DE SAUDE/UNIDADE BASICA;175072;70;ESF - EQUIPE DE SAÚDE DA FAMÍLIA;28025660;0;0;0;0;0;0;0;0;0;1
SE;280350;LAGARTO;5551455;2;CENTRO DE SAUDE/UNIDADE BASICA;2260557;70;ESF - EQUIPE DE SAÚDE DA FAMÍLIA;28032209;0;0;0;1;0;0;0;0;0;0
SE;280440;NEÓPOLIS;2477939;2;CENTRO DE SAUDE/UNIDADE BASICA;175943;70;ESF - EQUIPE DE SAÚDE DA FAMÍLIA;28013433;0;1;0;0;0;0;0;0;0;1
SE;280710;SIMÃO DIAS;9250468;2;CENTRO DE SAUDE/UNIDADE BASICA;1577719;70;ESF - EQUIPE DE SAÚDE DA FAMÍLIA;28035046;0;0;0;0;0;0;0;1;1;0
SE;280750;TOMAR DO GERU;9706534;2;CENTRO DE SAUDE/UNIDADE BASICA;1810480;71;ESB - EQUIPE DE SAUDE BUCAL;28027213;1;1;0;0;0;0;0;0;0;0
SE;280550;POÇO VERDE;2420384;2;CENTRO DE SAUDE/UNIDADE BASICA;1784943;71;ESB - EQUIPE DE SAUDE BUCAL;28008898;0;1;0;1;0;0;0;0;0;0
SE;280030;ARACAJU;2429;2;CENTRO DE SAUDE/UNIDADE BASICA;172103;70;ESF - EQUIPE DE SAÚDE DA FAMÍLIA;28031679;0;1;0;1;1;0;1;0;0;1
SE;280260;GRACHO CARDOSO;2612224;2;CENTRO DE SAUDE/UNIDADE BASICA;174548;70;ESF - EQUIPE DE SAÚDE DA FAMÍLIA;28001060;0;0;0;0;0;0;0;0;0;1
SE;280280;INDIAROBA;2423138;2;CENTRO DE SAUDE/UNIDADE BASICA;174629;70;ESF - EQUIPE DE SAÚDE DA FAMÍLIA;28025237;0;0;0;0;0;0;0;0;0;7
SE;280480;NOSSA SENHORA DO SOCORRO;2421690;2;CENTRO DE SAUDE/UNIDADE BASICA;-;-;-;28060407;0;0;0;0;0;0;20;0;0;0
SE;280600;RIBEIRÓPOLIS;2497166;2;CENTRO DE SAUDE/UNIDADE BASICA;1773763;71;ESB - EQUIPE DE SAUDE BUCAL;28004809;0;9;0;4;0;0;0;0;0;0
SE;280600;RIBEIRÓPOLIS;2497166;2;CENTRO DE SAUDE/UNIDADE BASICA;2333848;71;ESB - EQUIPE DE SAUDE BUCAL;28004906;0;6;0;4;0;0;0;0;0;0
SE;280670;SÃO CRISTÓVÃO;6966721;2;CENTRO DE SAUDE/UNIDADE BASICA;1804014;71;ESB - EQUIPE DE SAUDE BUCAL;28021320;0;2;0;0;0;0;0;0;0;0
SE;280760;UMBAÚBA;2421402;2;CENTRO DE SAUDE/UNIDADE BASICA;-;-;-;28024370;5;0;0;0;0;0;0;0;0;0
SE;280410;MOITA BONITA;2477203;2;CENTRO DE SAUDE/UNIDADE BASICA;1838997;71;ESB - EQUIPE DE SAUDE BUCAL;28008251;0;0;0;2;0;0;0;0;0;0
SE;280550;POÇO VERDE;2420376;2;CENTRO DE SAUDE/UNIDADE BASICA;1811851;71;ESB - EQUIPE DE SAUDE BUCAL;28008774;0;2;0;2;0;0;0;0;0;0
SE;280740;TOBIAS BARRETO;2421984;2;CENTRO DE SAUDE/UNIDADE BASICA;1807285;71;ESB - EQUIPE DE SAUDE BUCAL;28010710;0;1;0;1;0;0;0;0;0;0
SE;280740;TOBIAS BARRETO;2422069;2;CENTRO DE SAUDE/UNIDADE BASICA;178624;70;ESF - EQUIPE DE SAÚDE DA FAMÍLIA;28010868;0;0;0;0;0;0;2;0;0;0
SE;280760;UMBAÚBA;2421410;2;CENTRO DE SAUDE/UNIDADE BASICA;178764;70;ESF - EQUIPE DE SAÚDE DA FAMÍLIA;28024354;1;0;0;0;0;0;0;0;0;0
SE;280030;ARACAJU;3093;2;CENTRO DE SAUDE/UNIDADE BASICA;-;-;-;28019210;1;0;0;0;0;0;0;0;0;0
SE;280170;CRISTINÁPOLIS;2421003;2;CENTRO DE SAUDE/UNIDADE BASICA;174157;70;ESF - EQUIPE DE SAÚDE DA FAMÍLIA;28032381;0;0;0;0;0;0;0;0;0;2
SE;280210;ESTÂNCIA;2422905;2;CENTRO DE SAUDE/UNIDADE BASICA;1777165;71;ESB - EQUIPE DE SAUDE BUCAL;28025040;0;0;0;7;0;0;0;0;0;0
SE;280280;INDIAROBA;2423138;2;CENTRO DE SAUDE/UNIDADE BASICA;174629;70;ESF - EQUIPE DE SAÚDE DA FAMÍLIA;28025288;0;0;0;0;0;0;0;0;0;2
SE;280320;ITAPORANGA D'AJUDA;2422816;2;CENTRO DE SAUDE/UNIDADE BASICA;-;-;-;28025512;2;0;0;0;0;0;0;0;0;0
SE;280670;SÃO CRISTÓVÃO;2423200;2;CENTRO DE SAUDE/UNIDADE BASICA;1717022;76;EAP - EQUIPE DE ATENÇÃO PRIMÁRIA;28021568;1;0;0;0;0;0;0;0;0;0
SE;280250;GENERAL MAYNARD;7806361;1;POSTO DE SAUDE;1750178;71;ESB - EQUIPE DE SAUDE BUCAL;28027264;0;0;0;1;0;0;0;0;0;0
SE;280670;SÃO CRISTÓVÃO;2423227;2;CENTRO DE SAUDE/UNIDADE BASICA;178187;70;ESF - EQUIPE DE SAÚDE DA FAMÍLIA;28021207;3;0;0;0;0;0;0;0;0;0
SE;280290;ITABAIANA;3281329;2;CENTRO DE SAUDE/UNIDADE BASICA;2384450;71;ESB - EQUIPE DE SAUDE BUCAL;28007131;0;1;0;0;0;0;0;0;0;0
SE;280300;ITABAIANINHA;3323161;2;CENTRO DE SAUDE/UNIDADE BASICA;174955;70;ESF - EQUIPE DE SAÚDE DA FAMÍLIA;28031776;0;0;0;0;0;0;0;0;0;1
SE;280630;SANTA LUZIA DO ITANHY;2545837;2;CENTRO DE SAUDE/UNIDADE BASICA;1882384;71;ESB - EQUIPE DE SAUDE BUCAL;28026039;0;0;0;1;0;0;1;0;0;0
SE;280760;UMBAÚBA;2421402;2;CENTRO DE SAUDE/UNIDADE BASICA;1962159;71;ESB - EQUIPE DE SAUDE BUCAL;28024150;0;2;0;2;0;0;0;0;0;0
SE;280020;AQUIDABÃ;2422662;2;CENTRO DE SAUDE/UNIDADE BASICA;171719;70;ESF - EQUIPE DE SAÚDE DA FAMÍLIA;28005309;0;0;0;0;0;0;1;0;0;0
SE;280300;ITABAIANINHA;3010732;2;CENTRO DE SAUDE/UNIDADE BASICA;174920;70;ESF - EQUIPE DE SAÚDE DA FAMÍLIA;28032691;0;0;0;0;0;0;0;0;0;1
SE;280320;ITAPORANGA D'AJUDA;7109148;2;CENTRO DE SAUDE/UNIDADE BASICA;1792628;71;ESB - EQUIPE DE SAUDE BUCAL;28028368;0;1;0;1;0;0;0;0;0;0
SE;280630;SANTA LUZIA DO ITANHY;4228731;2;CENTRO DE SAUDE/UNIDADE BASICA;2355760;71;ESB - EQUIPE DE SAUDE BUCAL;28026063;0;0;0;2;0;0;0;0;0;0
SE;280310;ITABI;2422948;1;POSTO DE SAUDE;2052709;71;ESB - EQUIPE DE SAUDE BUCAL;28032462;0;1;0;1;0;0;0;0;0;0
SE;280300;ITABAIANINHA;2421275;2;CENTRO DE SAUDE/UNIDADE BASICA;174890;70;ESF - EQUIPE DE SAÚDE DA FAMÍLIA;28022653;0;0;0;0;0;0;0;0;0;5
SE;280300;ITABAIANINHA;3323161;2;CENTRO DE SAUDE/UNIDADE BASICA;-;-;-;28031776;0;0;0;0;0;0;0;0;0;15
SE;280300;ITABAIANINHA;2421259;2;CENTRO DE SAUDE/UNIDADE BASICA;174882;70;ESF - EQUIPE DE SAÚDE DA FAMÍLIA;28023064;0;0;0;0;0;0;0;0;0;14
SE;280420;MONTE ALEGRE DE SERGIPE;2420279;2;CENTRO DE SAUDE/UNIDADE BASICA;2273136;71;ESB - EQUIPE DE SAUDE BUCAL;28001648;0;0;0;2;0;0;0;0;0;0
SE;280440;NEÓPOLIS;2477920;2;CENTRO DE SAUDE/UNIDADE BASICA;175935;70;ESF - EQUIPE DE SAÚDE DA FAMÍLIA;28013425;2;0;0;0;0;0;0;0;0;2
SE;280550;POÇO VERDE;2420384;2;CENTRO DE SAUDE/UNIDADE BASICA;1784943;71;ESB - EQUIPE DE SAUDE BUCAL;28008693;0;1;0;1;0;0;0;0;0;0
SE;280600;RIBEIRÓPOLIS;2497166;2;CENTRO DE SAUDE/UNIDADE BASICA;2333848;71;ESB - EQUIPE DE SAUDE BUCAL;28030095;0;31;0;2;0;0;0;0;0;0
SE;280600;RIBEIRÓPOLIS;2497166;2;CENTRO DE SAUDE/UNIDADE BASICA;177717;70;ESF - EQUIPE DE SAÚDE DA FAMÍLIA;28030095;0;0;0;0;0;0;0;0;0;14
SE;280710;SIMÃO DIAS;2422468;2;CENTRO DE SAUDE/UNIDADE BASICA;178470;70;ESF - EQUIPE DE SAÚDE DA FAMÍLIA;28009738;1;0;0;0;0;0;0;3;0;0
SE;280710;SIMÃO DIAS;2422263;2;CENTRO DE SAUDE/UNIDADE BASICA;1628127;70;ESF - EQUIPE DE SAÚDE DA FAMÍLIA;28009460;0;0;0;0;0;0;0;2;1;1
SE;280067;BOQUIM;6407641;2;CENTRO DE SAUDE/UNIDADE BASICA;-;-;-;28022211;0;0;0;1;0;0;0;0;0;0
SE;280130;CAPELA;2476908;1;POSTO DE SAUDE;173835;70;ESF - EQUIPE DE SAÚDE DA FAMÍLIA;28014162;0;0;0;0;0;0;4;0;0;0
SE;280030;ARACAJU;2550;2;CENTRO DE SAUDE/UNIDADE BASICA;-;-;-;28021096;0;0;0;0;0;0;1;0;0;0
SE;280030;ARACAJU;3093;2;CENTRO DE SAUDE/UNIDADE BASICA;2014416;71;ESB - EQUIPE DE SAUDE BUCAL;28019210;0;0;0;1;0;0;0;0;0;0
SE;280280;INDIAROBA;2423111;2;CENTRO DE SAUDE/UNIDADE BASICA;174610;70;ESF - EQUIPE DE SAÚDE DA FAMÍLIA;28025393;5;0;0;0;0;0;0;0;0;5
SE;280280;INDIAROBA;2423138;2;CENTRO DE SAUDE/UNIDADE BASICA;174629;70;ESF - EQUIPE DE SAÚDE DA FAMÍLIA;28025342;0;0;0;0;0;0;0;0;0;3
SE;280300;ITABAIANINHA;3323161;2;CENTRO DE SAUDE/UNIDADE BASICA;174955;70;ESF - EQUIPE DE SAÚDE DA FAMÍLIA;28031792;0;0;0;0;0;0;0;0;0;3
SE;280300;ITABAIANINHA;3323161;2;CENTRO DE SAUDE/UNIDADE BASICA;-;-;-;28022831;0;0;0;0;0;0;0;0;0;1
SE;280320;ITAPORANGA D'AJUDA;2422816;2;CENTRO DE SAUDE/UNIDADE BASICA;175021;70;ESF - EQUIPE DE SAÚDE DA FAMÍLIA;28036298;0;0;0;0;0;0;0;0;0;5
SE;280600;RIBEIRÓPOLIS;2497166;2;CENTRO DE SAUDE/UNIDADE BASICA;2169908;71;ESB - EQUIPE DE SAUDE BUCAL;28004973;0;5;0;1;0;0;0;0;0;0
SE;280670;SÃO CRISTÓVÃO;2423227;2;CENTRO DE SAUDE/UNIDADE BASICA;178187;70;ESF - EQUIPE DE SAÚDE DA FAMÍLIA;28021100;1;0;0;0;0;0;0;0;0;0
SE;280020;AQUIDABÃ;2422778;2;CENTRO DE SAUDE/UNIDADE BASICA;2081490;71;ESB - EQUIPE DE SAUDE BUCAL;28005503;0;0;0;1;0;0;0;0;0;0
SE;280450;NOSSA SENHORA DA GLÓRIA;2421119;2;CENTRO DE SAUDE/UNIDADE BASICA;176176;70;ESF - EQUIPE DE SAÚDE DA FAMÍLIA;28002199;0;0;0;0;0;0;0;0;7;0
SE;280440;NEÓPOLIS;7231954;2;CENTRO DE SAUDE/UNIDADE BASICA;1527940;70;ESF - EQUIPE DE SAÚDE DA FAMÍLIA;28013360;0;0;0;0;0;0;0;0;0;2
SE;280440;NEÓPOLIS;2477939;2;CENTRO DE SAUDE/UNIDADE BASICA;175943;70;ESF - EQUIPE DE SAÚDE DA FAMÍLIA;28013417;0;1;0;1;0;0;0;0;0;1
SE;280480;NOSSA SENHORA DO SOCORRO;2421623;2;CENTRO DE SAUDE/UNIDADE BASICA;2529580;74;EAPP - EQUIPE DE ATENCAO PRIMARIA PRISIONAL;28027760;0;0;0;0;0;0;1;0;0;2
SE;280670;SÃO CRISTÓVÃO;5459648;2;CENTRO DE SAUDE/UNIDADE BASICA;178292;70;ESF - EQUIPE DE SAÚDE DA FAMÍLIA;28021428;6;0;0;0;0;0;0;0;0;0
SE;280740;TOBIAS BARRETO;2421984;2;CENTRO DE SAUDE/UNIDADE BASICA;1807285;71;ESB - EQUIPE DE SAUDE BUCAL;28010736;0;1;0;1;0;0;0;0;0;0
SE;280130;CAPELA;2476959;2;CENTRO DE SAUDE/UNIDADE BASICA;173908;70;ESF - EQUIPE DE SAÚDE DA FAMÍLIA;28036239;0;0;0;0;0;0;0;0;0;1
SE;280120;CANINDÉ DE SÃO FRANCISCO;2477114;2;CENTRO DE SAUDE/UNIDADE BASICA;173762;70;ESF - EQUIPE DE SAÚDE DA FAMÍLIA;28030370;1;0;0;0;0;0;0;0;0;1
SE;280160;CEDRO DE SÃO JOÃO;2658593;2;CENTRO DE SAUDE/UNIDADE BASICA;174076;70;ESF - EQUIPE DE SAÚDE DA FAMÍLIA;28013000;0;0;0;0;0;0;0;0;0;1
SE;280440;NEÓPOLIS;2420058;2;CENTRO DE SAUDE/UNIDADE BASICA;175927;70;ESF - EQUIPE DE SAÚDE DA FAMÍLIA;28013484;2;0;0;0;0;0;0;1;2;2
SE;280550;POÇO VERDE;2420384;2;CENTRO DE SAUDE/UNIDADE BASICA;1784943;71;ESB - EQUIPE DE SAUDE BUCAL;28008804;0;1;0;1;0;0;0;0;0;0
SE;280580;RIACHÃO DO DANTAS;2420902;2;CENTRO DE SAUDE/UNIDADE BASICA;177601;70;ESF - EQUIPE DE SAÚDE DA FAMÍLIA;28012232;0;1;0;1;0;0;0;0;0;0
SE;280630;SANTA LUZIA DO ITANHY;2545853;2;CENTRO DE SAUDE/UNIDADE BASICA;177962;70;ESF - EQUIPE DE SAÚDE DA FAMÍLIA;28032837;0;0;0;0;0;0;1;0;0;0
SE;280067;BOQUIM;7725205;2;CENTRO DE SAUDE/UNIDADE BASICA;1907751;71;ESB - EQUIPE DE SAUDE BUCAL;28022181;0;0;0;1;0;0;0;0;0;0
SE;280440;NEÓPOLIS;5147948;2;CENTRO DE SAUDE/UNIDADE BASICA;1546147;70;ESF - EQUIPE DE SAÚDE DA FAMÍLIA;28013352;1;0;0;0;0;0;0;0;0;0
SE;280480;NOSSA SENHORA DO SOCORRO;2421623;2;CENTRO DE SAUDE/UNIDADE BASICA;2529580;74;EAPP - EQUIPE DE ATENCAO PRIMARIA PRISIONAL;28029690;0;0;0;0;0;0;0;0;0;2
SE;280670;SÃO CRISTÓVÃO;2423286;2;CENTRO DE SAUDE/UNIDADE BASICA;178225;70;ESF - EQUIPE DE SAÚDE DA FAMÍLIA;28021363;1;0;0;0;0;0;0;0;0;0
SE;280320;ITAPORANGA D'AJUDA;2422816;2;CENTRO DE SAUDE/UNIDADE BASICA;175056;70;ESF - EQUIPE DE SAÚDE DA FAMÍLIA;28025423;0;0;0;0;0;0;0;0;0;1
SE;280730;TELHA;2422964;2;CENTRO DE SAUDE/UNIDADE BASICA;2068141;71;ESB - EQUIPE DE SAUDE BUCAL;28014022;0;1;0;1;0;0;0;0;0;0
SE;280760;UMBAÚBA;2421410;2;CENTRO DE SAUDE/UNIDADE BASICA;178764;70;ESF - EQUIPE DE SAÚDE DA FAMÍLIA;28024281;1;0;0;0;0;0;0;0;0;0
SE;280290;ITABAIANA;2477734;2;CENTRO DE SAUDE/UNIDADE BASICA;2009749;71;ESB - EQUIPE DE SAUDE BUCAL;28007166;0;1;0;1;0;0;0;0;0;0
SE;280740;TOBIAS BARRETO;2422069;2;CENTRO DE SAUDE/UNIDADE BASICA;-;-;-;28037260;0;0;0;1;0;0;0;0;0;0
SE;280030;ARACAJU;2836;2;CENTRO DE SAUDE/UNIDADE BASICA;2040611;71;ESB - EQUIPE DE SAUDE BUCAL;28019377;0;0;0;6;0;0;0;0;0;0
SE;280120;CANINDÉ DE SÃO FRANCISCO;2477106;2;CENTRO DE SAUDE/UNIDADE BASICA;173746;70;ESF - EQUIPE DE SAÚDE DA FAMÍLIA;28000013;10;9;0;0;0;0;0;0;0;9
SE;280300;ITABAIANINHA;9305866;2;CENTRO DE SAUDE/UNIDADE BASICA;1630318;70;ESF - EQUIPE DE SAÚDE DA FAMÍLIA;28022831;0;0;0;0;0;0;0;0;0;11
SE;280300;ITABAIANINHA;3010732;2;CENTRO DE SAUDE/UNIDADE BASICA;1532928;70;ESF - EQUIPE DE SAÚDE DA FAMÍLIA;28032691;0;0;0;0;0;0;0;0;0;15
SE;280320;ITAPORANGA D'AJUDA;2422816;2;CENTRO DE SAUDE/UNIDADE BASICA;1792121;71;ESB - EQUIPE DE SAUDE BUCAL;28036298;0;1;0;1;0;0;0;0;0;0
SE;280460;NOSSA SENHORA DAS DORES;7225628;2;CENTRO DE SAUDE/UNIDADE BASICA;176214;70;ESF - EQUIPE DE SAÚDE DA FAMÍLIA;28006046;1;0;0;0;0;0;0;0;0;0
SE;280530;PIRAMBU;9450874;74;POLO ACADEMIA DA SAUDE;-;-;-;28016041;0;3;0;3;6;0;2;0;2;2
SE;280480;NOSSA SENHORA DO SOCORRO;2421623;2;CENTRO DE SAUDE/UNIDADE BASICA;2529580;74;EAPP - EQUIPE DE ATENCAO PRIMARIA PRISIONAL;28020960;0;0;0;0;0;0;0;0;0;2
SE;280540;POÇO REDONDO;2420112;2;CENTRO DE SAUDE/UNIDADE BASICA;1617893;72;ENASFAP - EQ DO NUCLEO AMPLIADO SAUDE DA FAMILIA E AT PRIMA.;28002237;0;0;0;0;0;0;5;0;0;0
SE;280600;RIBEIRÓPOLIS;2497166;2;CENTRO DE SAUDE/UNIDADE BASICA;177717;70;ESF - EQUIPE DE SAÚDE DA FAMÍLIA;28005139;0;0;0;0;0;0;0;0;0;15
SE;280600;RIBEIRÓPOLIS;2421240;1;POSTO DE SAUDE;1773712;71;ESB - EQUIPE DE SAUDE BUCAL;28004906;0;7;0;4;0;0;0;0;0;0
SE;280710;SIMÃO DIAS;2422263;2;CENTRO DE SAUDE/UNIDADE BASICA;1530720;70;ESF - EQUIPE DE SAÚDE DA FAMÍLIA;28009630;1;0;0;0;0;0;0;0;0;1
SE;280740;TOBIAS BARRETO;3541444;2;CENTRO DE SAUDE/UNIDADE BASICA;178659;70;ESF - EQUIPE DE SAÚDE DA FAMÍLIA;28072413;1;1;0;0;0;0;0;0;0;0
SE;280760;UMBAÚBA;9865845;2;CENTRO DE SAUDE/UNIDADE BASICA;1962019;71;ESB - EQUIPE DE SAUDE BUCAL;28033973;0;1;0;1;0;0;0;0;0;0
SE;280067;BOQUIM;2545950;2;CENTRO DE SAUDE/UNIDADE BASICA;1907719;71;ESB - EQUIPE DE SAUDE BUCAL;28022246;0;0;0;3;0;0;0;0;0;0
SE;280100;CAMPO DO BRITO;4020685;2;CENTRO DE SAUDE/UNIDADE BASICA;1981382;71;ESB - EQUIPE DE SAUDE BUCAL;28006771;0;1;0;1;0;0;0;0;0;0
SE;280170;CRISTINÁPOLIS;7899394;1;POSTO DE SAUDE;2340445;71;ESB - EQUIPE DE SAUDE BUCAL;28022483;0;4;0;4;1;0;0;0;0;0
SE;280280;INDIAROBA;2423111;2;CENTRO DE SAUDE/UNIDADE BASICA;174610;70;ESF - EQUIPE DE SAÚDE DA FAMÍLIA;28025296;4;0;0;0;0;0;0;0;0;4
SE;280300;ITABAIANINHA;3010740;2;CENTRO DE SAUDE/UNIDADE BASICA;174939;70;ESF - EQUIPE DE SAÚDE DA FAMÍLIA;28022912;0;0;0;0;0;0;0;0;0;13
SE;280440;NEÓPOLIS;5147948;2;CENTRO DE SAUDE/UNIDADE BASICA;1546147;70;ESF - EQUIPE DE SAÚDE DA FAMÍLIA;28013492;1;0;0;0;1;0;0;0;0;1
SE;280480;NOSSA SENHORA DO SOCORRO;2421623;2;CENTRO DE SAUDE/UNIDADE BASICA;2529580;74;EAPP - EQUIPE DE ATENCAO PRIMARIA PRISIONAL;28026519;0;0;1;0;0;0;0;0;0;2
SE;280600;RIBEIRÓPOLIS;2497166;2;CENTRO DE SAUDE/UNIDADE BASICA;177725;70;ESF - EQUIPE DE SAÚDE DA FAMÍLIA;28034058;0;0;0;0;0;0;0;0;0;2
SE;280670;SÃO CRISTÓVÃO;2423278;2;CENTRO DE SAUDE/UNIDADE BASICA;1801295;71;ESB - EQUIPE DE SAUDE BUCAL;28021304;0;1;0;1;0;0;0;0;0;0
SE;280670;SÃO CRISTÓVÃO;2423200;2;CENTRO DE SAUDE/UNIDADE BASICA;178098;70;ESF - EQUIPE DE SAÚDE DA FAMÍLIA;28021770;2;0;0;0;0;0;0;2;2;2
SE;280320;ITAPORANGA D'AJUDA;2422816;2;CENTRO DE SAUDE/UNIDADE BASICA;-;-;-;28025849;0;0;0;0;0;0;0;0;0;2
SE;280760;UMBAÚBA;2421429;2;CENTRO DE SAUDE/UNIDADE BASICA;178772;70;ESF - EQUIPE DE SAÚDE DA FAMÍLIA;28024206;2;0;0;0;0;0;0;0;0;0
SE;280440;NEÓPOLIS;2420058;2;CENTRO DE SAUDE/UNIDADE BASICA;175927;70;ESF - EQUIPE DE SAÚDE DA FAMÍLIA;28013395;1;0;0;0;0;0;0;0;1;1
SE;280480;NOSSA SENHORA DO SOCORRO;2421623;2;CENTRO DE SAUDE/UNIDADE BASICA;2529580;74;EAPP - EQUIPE DE ATENCAO PRIMARIA PRISIONAL;28020588;0;0;0;1;0;0;0;0;0;0
SE;280690;SÃO FRANCISCO;2423359;2;CENTRO DE SAUDE/UNIDADE BASICA;178365;70;ESF - EQUIPE DE SAÚDE DA FAMÍLIA;28016157;0;0;0;0;0;0;0;0;0;2
SE;280030;ARACAJU;2291;2;CENTRO DE SAUDE/UNIDADE BASICA;-;-;-;28019245;0;0;0;0;0;0;1;0;0;0
SE;280190;CUMBE;6740510;2;CENTRO DE SAUDE/UNIDADE BASICA;1966383;71;ESB - EQUIPE DE SAUDE BUCAL;28036824;0;1;0;1;1;0;0;0;0;0
SE;280350;LAGARTO;2680122;2;CENTRO DE SAUDE/UNIDADE BASICA;175528;70;ESF - EQUIPE DE SAÚDE DA FAMÍLIA;28011406;0;0;0;0;0;0;0;0;0;1
SE;280140;CARIRA;2546264;2;CENTRO DE SAUDE/UNIDADE BASICA;2196751;71;ESB - EQUIPE DE SAUDE BUCAL;28003560;0;1;0;1;0;0;0;0;0;0
SE;280440;NEÓPOLIS;2658615;2;CENTRO DE SAUDE/UNIDADE BASICA;175951;70;ESF - EQUIPE DE SAÚDE DA FAMÍLIA;28013336;1;0;0;0;0;0;0;1;1;1
SE;280030;ARACAJU;2577;2;CENTRO DE SAUDE/UNIDADE BASICA;172367;70;ESF - EQUIPE DE SAÚDE DA FAMÍLIA;28017579;0;0;0;0;0;0;0;0;0;1
SE;280350;LAGARTO;2420538;2;CENTRO DE SAUDE/UNIDADE BASICA;1583808;70;ESF - EQUIPE DE SAÚDE DA FAMÍLIA;28011651;0;1;0;0;0;0;0;0;0;0
SE;280600;RIBEIRÓPOLIS;2497166;2;CENTRO DE SAUDE/UNIDADE BASICA;177725;70;ESF - EQUIPE DE SAÚDE DA FAMÍLIA;28004973;0;0;0;0;0;0;0;0;0;1
SE;280710;SIMÃO DIAS;9250468;2;CENTRO DE SAUDE/UNIDADE BASICA;1572687;70;ESF - EQUIPE DE SAÚDE DA FAMÍLIA;28009304;0;0;0;0;0;0;0;1;0;0
SE;280760;UMBAÚBA;2421402;2;CENTRO DE SAUDE/UNIDADE BASICA;1962159;71;ESB - EQUIPE DE SAUDE BUCAL;28024141;0;1;0;1;0;0;0;0;0;0
SE;280420;MONTE ALEGRE DE SERGIPE;4585666;74;POLO ACADEMIA DA SAUDE;-;-;-;28001451;0;0;0;0;0;0;1;0;0;0
SE;280490;PACATUBA;3519805;2;CENTRO DE SAUDE/UNIDADE BASICA;177083;70;ESF - EQUIPE DE SAÚDE DA FAMÍLIA;28015860;0;0;0;0;0;0;0;0;0;1
SE;280630;SANTA LUZIA DO ITANHY;2423421;2;CENTRO DE SAUDE/UNIDADE BASICA;177938;70;ESF - EQUIPE DE SAÚDE DA FAMÍLIA;28026012;0;0;0;1;0;0;0;0;0;0
SE;280040;ARAUÁ;2423154;2;CENTRO DE SAUDE/UNIDADE BASICA;173274;70;ESF - EQUIPE DE SAÚDE DA FAMÍLIA;28021983;0;0;0;0;0;0;0;1;0;0
SE;280030;ARACAJU;3387;2;CENTRO DE SAUDE/UNIDADE BASICA;2116855;71;ESB - EQUIPE DE SAUDE BUCAL;28027825;0;14;0;14;0;0;0;0;0;0
SE;280450;NOSSA SENHORA DA GLÓRIA;2421100;2;CENTRO DE SAUDE/UNIDADE BASICA;2500426;70;ESF - EQUIPE DE SAÚDE DA FAMÍLIA;28001761;15;0;0;0;0;0;0;0;0;15
SE;280600;RIBEIRÓPOLIS;2497204;1;POSTO DE SAUDE;1773690;71;ESB - EQUIPE DE SAUDE BUCAL;28033159;0;8;0;8;0;0;0;0;0;0
SE;280710;SIMÃO DIAS;9250468;2;CENTRO DE SAUDE/UNIDADE BASICA;178454;70;ESF - EQUIPE DE SAÚDE DA FAMÍLIA;28010060;0;0;0;0;0;0;0;0;0;5
SE;280760;UMBAÚBA;2421429;2;CENTRO DE SAUDE/UNIDADE BASICA;2221195;71;ESB - EQUIPE DE SAUDE BUCAL;28024281;0;1;0;1;0;0;0;0;0;0
SE;280320;ITAPORANGA D'AJUDA;2422794;2;CENTRO DE SAUDE/UNIDADE BASICA;175013;70;ESF - EQUIPE DE SAÚDE DA FAMÍLIA;28025474;0;0;0;0;0;0;0;0;0;1
SE;280450;NOSSA SENHORA DA GLÓRIA;2421100;2;CENTRO DE SAUDE/UNIDADE BASICA;1950029;71;ESB - EQUIPE DE SAUDE BUCAL;28036964;0;0;0;2;2;0;0;0;0;0
SE;280440;NEÓPOLIS;3845869;2;CENTRO DE SAUDE/UNIDADE BASICA;2350343;71;ESB - EQUIPE DE SAUDE BUCAL;28013506;0;2;0;2;0;0;0;0;0;0
SE;280530;PIRAMBU;9450874;74;POLO ACADEMIA DA SAUDE;-;-;-;28016033;0;1;0;1;2;0;1;0;0;0
SE;280030;ARACAJU;2526;2;CENTRO DE SAUDE/UNIDADE BASICA;172278;70;ESF - EQUIPE DE SAÚDE DA FAMÍLIA;28019253;0;0;0;0;0;0;0;0;0;2
SE;280210;ESTÂNCIA;2477904;2;CENTRO DE SAUDE/UNIDADE BASICA;1738992;71;ESB - EQUIPE DE SAUDE BUCAL;28031733;0;0;0;5;1;0;0;0;0;0
SE;280290;ITABAIANA;2477777;2;CENTRO DE SAUDE/UNIDADE BASICA;174750;70;ESF - EQUIPE DE SAÚDE DA FAMÍLIA;28035399;0;0;0;0;0;0;0;0;0;1
SE;280440;NEÓPOLIS;2658615;2;CENTRO DE SAUDE/UNIDADE BASICA;175951;70;ESF - EQUIPE DE SAÚDE DA FAMÍLIA;28013506;2;0;0;1;0;0;0;1;1;1
SE;280630;SANTA LUZIA DO ITANHY;2423391;2;CENTRO DE SAUDE/UNIDADE BASICA;177881;70;ESF - EQUIPE DE SAÚDE DA FAMÍLIA;28026098;0;0;0;0;0;0;0;0;0;1
SE;280630;SANTA LUZIA DO ITANHY;2423405;2;CENTRO DE SAUDE/UNIDADE BASICA;-;-;-;28026179;0;0;0;0;0;0;1;0;0;0
SE;280760;UMBAÚBA;2421410;2;CENTRO DE SAUDE/UNIDADE BASICA;1962248;71;ESB - EQUIPE DE SAUDE BUCAL;28024320;0;1;0;1;0;0;0;0;0;0
SE;280020;AQUIDABÃ;2422778;2;CENTRO DE SAUDE/UNIDADE BASICA;171743;70;ESF - EQUIPE DE SAÚDE DA FAMÍLIA;28005465;0;0;0;0;0;0;1;0;0;0
SE;280040;ARAUÁ;2612364;2;CENTRO DE SAUDE/UNIDADE BASICA;173312;70;ESF - EQUIPE DE SAÚDE DA FAMÍLIA;28021967;0;0;0;0;0;0;0;1;1;0
SE;280030;ARACAJU;9141588;2;CENTRO DE SAUDE/UNIDADE BASICA;172618;70;ESF - EQUIPE DE SAÚDE DA FAMÍLIA;28018737;2;0;0;0;0;0;0;0;2;0
SE;280360;LARANJEIRAS;2421348;2;CENTRO DE SAUDE/UNIDADE BASICA;175609;70;ESF - EQUIPE DE SAÚDE DA FAMÍLIA;28016319;0;0;0;0;0;0;0;0;0;3
SE;280440;NEÓPOLIS;3845869;2;CENTRO DE SAUDE/UNIDADE BASICA;2350343;71;ESB - EQUIPE DE SAUDE BUCAL;28013336;0;1;0;1;0;0;0;0;0;0
SE;280710;SIMÃO DIAS;2422433;2;CENTRO DE SAUDE/UNIDADE BASICA;178462;70;ESF - EQUIPE DE SAÚDE DA FAMÍLIA;28033400;0;0;0;1;0;0;0;0;0;0
SE;280760;UMBAÚBA;2421402;2;CENTRO DE SAUDE/UNIDADE BASICA;-;-;-;28024281;1;0;0;0;0;0;0;0;0;0
SE;280170;CRISTINÁPOLIS;2421003;2;CENTRO DE SAUDE/UNIDADE BASICA;174130;70;ESF - EQUIPE DE SAÚDE DA FAMÍLIA;28022564;0;0;0;0;0;0;0;0;0;1
SE;280260;GRACHO CARDOSO;6326765;1;POSTO DE SAUDE;2278987;70;ESF - EQUIPE DE SAÚDE DA FAMÍLIA;28001087;0;0;0;0;0;0;0;0;0;1
SE;280320;ITAPORANGA D'AJUDA;5070074;2;CENTRO DE SAUDE/UNIDADE BASICA;175110;70;ESF - EQUIPE DE SAÚDE DA FAMÍLIA;28025580;0;0;0;0;0;0;0;0;0;1
SE;280350;LAGARTO;2420821;2;CENTRO DE SAUDE/UNIDADE BASICA;1835408;71;ESB - EQUIPE DE SAUDE BUCAL;28010965;0;0;0;2;0;0;0;0;0;0
SE;280580;RIACHÃO DO DANTAS;2420929;2;CENTRO DE SAUDE/UNIDADE BASICA;177628;70;ESF - EQUIPE DE SAÚDE DA FAMÍLIA;28012500;0;2;0;2;0;0;0;0;0;0
SE;280690;SÃO FRANCISCO;3605671;2;CENTRO DE SAUDE/UNIDADE BASICA;1970577;71;ESB - EQUIPE DE SAUDE BUCAL;28016122;0;1;0;1;0;0;0;0;0;0
SE;280760;UMBAÚBA;2421410;2;CENTRO DE SAUDE/UNIDADE BASICA;1962248;71;ESB - EQUIPE DE SAUDE BUCAL;28024354;0;1;0;1;0;0;0;0;0;0
SE;280030;ARACAJU;3115;2;CENTRO DE SAUDE/UNIDADE BASICA;172731;70;ESF - EQUIPE DE SAÚDE DA FAMÍLIA;28018842;0;0;0;0;0;0;0;0;0;1
SE;280300;ITABAIANINHA;2421275;2;CENTRO DE SAUDE/UNIDADE BASICA;174890;70;ESF - EQUIPE DE SAÚDE DA FAMÍLIA;28022750;0;0;0;0;0;0;0;0;0;4
SE;280670;SÃO CRISTÓVÃO;905372;2;CENTRO DE SAUDE/UNIDADE BASICA;2320967;71;ESB - EQUIPE DE SAUDE BUCAL;28021622;0;1;0;1;1;0;0;0;0;0
SE;280670;SÃO CRISTÓVÃO;2423251;2;CENTRO DE SAUDE/UNIDADE BASICA;178209;70;ESF - EQUIPE DE SAÚDE DA FAMÍLIA;28021517;1;0;0;0;0;0;1;0;0;0
SE;280760;UMBAÚBA;2421429;2;CENTRO DE SAUDE/UNIDADE BASICA;178772;70;ESF - EQUIPE DE SAÚDE DA FAMÍLIA;28024273;1;0;0;0;0;0;0;0;0;0
SE;280600;RIBEIRÓPOLIS;2497166;2;CENTRO DE SAUDE/UNIDADE BASICA;177709;70;ESF - EQUIPE DE SAÚDE DA FAMÍLIA;28004809;0;0;0;0;0;0;0;0;0;1
SE;280670;SÃO CRISTÓVÃO;6966721;2;CENTRO DE SAUDE/UNIDADE BASICA;178322;70;ESF - EQUIPE DE SAÚDE DA FAMÍLIA;28021592;0;0;0;0;0;0;0;0;0;1
SE;280030;ARACAJU;2429;2;CENTRO DE SAUDE/UNIDADE BASICA;172065;70;ESF - EQUIPE DE SAÚDE DA FAMÍLIA;28018354;1;0;0;0;0;0;0;0;0;1
SE;280030;ARACAJU;25682;2;CENTRO DE SAUDE/UNIDADE BASICA;2039427;71;ESB - EQUIPE DE SAUDE BUCAL;28026527;0;1;0;0;0;0;0;0;0;0
SE;280420;MONTE ALEGRE DE SERGIPE;2420279;2;CENTRO DE SAUDE/UNIDADE BASICA;1751050;71;ESB - EQUIPE DE SAUDE BUCAL;28030672;0;0;0;1;0;0;0;0;0;0
SE;280420;MONTE ALEGRE DE SERGIPE;2420279;2;CENTRO DE SAUDE/UNIDADE BASICA;-;-;-;28001648;0;0;0;1;0;0;0;0;0;0
